UPDATE item_option_template iot SET iot.NAME = 'Chỉ số kích hoạt ẩn tăng 10% SĐ và 15% HP, KI' WHERE iot.id = 249;
-- đóng shop hallowin và noel
DELETE FROM tab_shop WHERE ID = 48;
DELETE FROM tab_shop WHERE ID = 49;
-- santa - cửa hàng xóa đồ
-- == 2083 bardock
DELETE FROM item_shop WHERE ID = 9883;
-- == cải trang
-- == noel
DELETE FROM item_shop where ID = 9917;
-- == hit
Delete FROM item_shop where ID = 945;
-- == super xayda blue
DELETE from item_shop WHERE id = 9865;
-- == cải trang 2061
DELETE from item_shop WHERE id = 9857;
-- == cải trang 2054
DELETE from item_shop WHERE id = 9882;
-- == cải trang 2056
DELETE from item_shop WHERE id = 9881;

-- giảm giá thẻ nội tại max 15k tvv
UPDATE item_shop `is` SET `is`.quantity_exchange = 15000 WHERE ID = 9848;
-- update icon đệ fide nhí
UPDATE item_template it set it.icon_id = 13302 WHERE it.id = 1969;
-- đóng cây nêu
UPDATE map_template mt set mt.npcs = '["[7,228,432,562]","[6,492,432,0]","[49,597,432,4544]","[54,428,432,9077]"]' WHERE mt.id = 0;
UPDATE map_template mt set mt.npcs = '["[6,564,432,0]","[8,300,432,350]","[54,600,432,9077]"]' WHERE mt.id = 7;
UPDATE map_template mt set mt.npcs = '["[9,396,408,565]","[6,252,408,0]","[54,628,408,9077]"]' WHERE mt.id = 14;

-- thay option cho sao pha lê
DELETE FROM item_shop WHERE id = 9856;

-- spl 441, 442, 443 thay option
UPDATE item_shop_option iso SET iso.option_id = 95, iso.param = 5 WHERE iso.item_shop_id = 9853 AND iso.option_id = 50;
UPDATE item_shop_option iso SET iso.option_id = 96, iso.param = 5 WHERE iso.item_shop_id = 9854 AND iso.option_id = 77;
UPDATE item_shop_option iso SET iso.option_id = 97, iso.param = 5 WHERE iso.item_shop_id = 9855 AND iso.option_id = 103;

-- thêm option cho set daimao
DELETE from item_option_template where ID = 255;
INSERT INTO item_option_template (id, NAME, TYPE) VALUES
(255, '$(5 món x2 thời gian đẻ trứng)', 0);

-- update option 100% sát thương đẻ trứng
UPDATE item_option_template iot SET iot.NAME = '5 món +#% sát thương Đẻ Trứng' WHERE iot.id = 144;


-- map 161: 80, 81
DELETE FROM mob_reward WHERE ID = 46;
INSERT INTO mob_reward (id, mob_id, item_id, ratio, type_ratio, for_all_gender) VALUES
(46, 80, 1229, 1, 200, True);

DELETE FROM mob_reward WHERE ID = 47;
INSERT INTO mob_reward (id, mob_id, item_id, ratio, type_ratio, for_all_gender) VALUES
(47, 81, 1229, 1, 200, True);


delete FROM mob_reward_map WHERE ID = 110;
INSERT INTO mob_reward_map (id, mob_reward_id, map_id) VALUES
(110, 46, 161);

delete FROM mob_reward_map WHERE ID = 111;
INSERT INTO mob_reward_map (id, mob_reward_id, map_id) VALUES
(111, 47, 161);


-- map 162: 80, 81
delete FROM mob_reward_map WHERE ID = 112;
INSERT INTO mob_reward_map (id, mob_reward_id, map_id) VALUES
(112, 46, 162);

delete FROM mob_reward_map WHERE ID = 113;
INSERT INTO mob_reward_map (id, mob_reward_id, map_id) VALUES
(113, 47, 162);
-- map 163: 80, 81
delete FROM mob_reward_map WHERE ID = 114;
INSERT INTO mob_reward_map (id, mob_reward_id, map_id) VALUES
(114, 46, 163);

delete FROM mob_reward_map WHERE ID = 115;
INSERT INTO mob_reward_map (id, mob_reward_id, map_id) VALUES
(115, 47, 163);


-- đá thần linh

UPDATE item_template SET TYPE = 27, gender = 3, NAME = 'Đá thần linh', description = 'Dùng để nâng cấp SKH', icon_id = 29994, part = -1, is_up_to_up = 0, power_require = 0 WHERE id = 1911;


-- rơi đồ cold
-- 66
DELETE from mob_reward where ID = 48;
INSERT INTO mob_reward (id, mob_id, item_id, ratio, type_ratio, for_all_gender) VALUES
(48, 66, 1911, 1, 500, True);
-- 67
DELETE from mob_reward where ID = 49;
INSERT INTO mob_reward (id, mob_id, item_id, ratio, type_ratio, for_all_gender) VALUES
(49, 67, 1911, 1, 500, True);
-- 68
DELETE from mob_reward where ID = 50;
INSERT INTO mob_reward (id, mob_id, item_id, ratio, type_ratio, for_all_gender) VALUES
(50, 68, 1911, 1, 500, True);
-- 69
DELETE from mob_reward where ID = 51;
INSERT INTO mob_reward (id, mob_id, item_id, ratio, type_ratio, for_all_gender) VALUES
(51, 69, 1911, 1, 500, True);
-- map 105: 66
DELETE FROM mob_reward_map WHERE ID = 116;
INSERT INTO mob_reward_map (id, mob_reward_id, map_id) VALUES
(116, 48, 105);

-- map 106: 66, 67
DELETE FROM mob_reward_map WHERE ID = 117;
INSERT INTO mob_reward_map (id, mob_reward_id, map_id) VALUES
(117, 48, 106);
DELETE FROM mob_reward_map WHERE ID = 118;
INSERT INTO mob_reward_map (id, mob_reward_id, map_id) VALUES
(118, 49, 106);

-- map 107: 67
DELETE FROM mob_reward_map WHERE ID = 119;
INSERT INTO mob_reward_map (id, mob_reward_id, map_id) VALUES
(119, 49, 107);

-- map 108: 67, 68
DELETE FROM mob_reward_map WHERE ID = 120;
INSERT INTO mob_reward_map (id, mob_reward_id, map_id) VALUES
(120, 49, 108);
DELETE FROM mob_reward_map WHERE ID = 121;
INSERT INTO mob_reward_map (id, mob_reward_id, map_id) VALUES
(121, 50, 108);
-- map 109: 68
DELETE FROM mob_reward_map WHERE ID = 122;
INSERT INTO mob_reward_map (id, mob_reward_id, map_id) VALUES
(122, 50, 109);
-- map 110: 68, 69
DELETE FROM mob_reward_map WHERE ID = 123;
INSERT INTO mob_reward_map (id, mob_reward_id, map_id) VALUES
(123, 51, 110);


-- santa - đặc biệt xóa hộp skh
DELETE FROM item_shop WHERE ID = 9852;
-- hộp set thần linh
DELETE FROM item_shop WHERE ID = 9858;
-- rương quà cải trang vip
DELETE FROM item_shop WHERE ID = 9884;


UPDATE item_shop `is` SET `is`.item_exchange = 861, `is`.quantity_exchange = 10000 WHERE ID IN (9853, 9854, 9855);

-- spl vàng từ quái
DELETE from item_shop WHERE ID = 9949;
INSERT INTO item_shop (id, tab_id, temp_id, gold, gem, is_new, is_sell, item_exchange, quantity_exchange, create_time) VALUES
(9949, 35, 446, 0, 0, 1, 1, 861, 10000, '2024-09-01 15:36:12');

DELETE FROM item_shop_option WHERE item_shop_id = 9949;
INSERT INTO item_shop_option (item_shop_id, option_id, param) VALUES
(9949, 100, 3);


-- spl TNSM
DELETE from item_shop WHERE ID = 9950;
INSERT INTO item_shop (id, tab_id, temp_id, gold, gem, is_new, is_sell, item_exchange, quantity_exchange, create_time) VALUES
(9950, 35, 447, 0, 0, 1, 1, 861, 10000, '2024-09-01 15:36:12');

DELETE FROM item_shop_option WHERE item_shop_id = 9950;
INSERT INTO item_shop_option (item_shop_id, option_id, param) VALUES
(9950, 101, 5);


-- spl sức đánh
DELETE from item_shop WHERE ID = 9951;
INSERT INTO item_shop (id, tab_id, temp_id, gold, gem, is_new, is_sell, item_exchange, quantity_exchange, create_time) VALUES
(9951, 35, 964, 0, 0, 1, 1, 861, 10000, '2024-09-01 15:36:12');

DELETE FROM item_shop_option WHERE item_shop_id = 9951;
INSERT INTO item_shop_option (item_shop_id, option_id, param) VALUES
(9951, 50, 2);


-- cập nhật lại chỉ số của đồ trong cửa hàng santa
UPDATE item_shop_option iso SET iso.param = 23 WHERE iso.item_shop_id = 455 AND iso.option_id IN (50, 77, 103);
UPDATE item_shop_option iso SET iso.param = 24 WHERE iso.item_shop_id = 456 AND iso.option_id IN (50, 77, 103);
UPDATE item_shop_option iso SET iso.param = 25 WHERE iso.item_shop_id = 457 AND iso.option_id IN (50, 77, 103);
UPDATE item_shop_option iso SET iso.param = 26 WHERE iso.item_shop_id = 458 AND iso.option_id IN (50, 77, 103);
UPDATE item_shop_option iso SET iso.param = 25 WHERE iso.item_shop_id = 480 AND iso.option_id IN (50, 77, 103);


-- xóa chỉ số ẩn của đồ thần linh ở lý tiểu nương đi
DELETE FROM item_shop_option WHERE item_shop_id = 9902 AND option_id = 249;
DELETE FROM item_shop_option WHERE item_shop_id = 9903 AND option_id = 249;
DELETE FROM item_shop_option WHERE item_shop_id = 9904 AND option_id = 249;
DELETE FROM item_shop_option WHERE item_shop_id = 9905 AND option_id = 249;
DELETE FROM item_shop_option WHERE item_shop_id = 9906 AND option_id = 249;

-- đồ thần linh đổi bằng đá thần linh
UPDATE item_shop `is` SET `is`.item_exchange = 1911, `is`.quantity_exchange = 500 WHERE `is`.id IN (9902, 9903, 9904, 9905, 9906);

-- cập nhật tên tab shop
UPDATE tab_shop ts SET ts.NAME = 'Shop<>thần linh' WHERE ts.id = 47;


-- hộp quà set tnsm
UPDATE item_template SET TYPE = 27, gender = 3, NAME = 'Hộp quà Set TNSM', description = 'Hộp quà chứa SKH TNSM', icon_id = 11006, part = -1, is_up_to_up = 0, power_require = 0 WHERE id = 1910;
-- update set gohan -> set TNSM
UPDATE item_option_template iot SET iot.NAME = 'Set TNSM' where ID = 248;


-- thêm rương cải trang vip
DELETE FROM item_shop WHERE ID = 9952;
INSERT INTO item_shop (id, tab_id, temp_id, gold, gem, is_new, is_sell, item_exchange, quantity_exchange, create_time) VALUES
(9952, 35, 2122, 0, 0, 1, 1, 1288, 5000, '2024-09-01 15:15:03');


-- update
UPDATE item_template it SET it.description = 'Vũ khí của người Potaufeu (x2 TNSM đệ và sư phụ)' WHERE ID = 638;

-- test
select * from item_shop `is` ORDER BY `is`.id DESC;
select * FROM item_template it WHERE id = 1910;
SELECT * FROM map_template mt WHERE mt.id = 68;
SELECT * FROM map_template mt WHERE ID = 122;
SELECT * from map_template mt WHERE ID >= 105 AND ID <= 110;
select * FROM map_template mt where mt.NAME like '%hành tinh potaufeu%';
SELECT * FROM map_template mt WHERE mt.id = 140;
select * FROM map_template mt where mt.NAME IN ('Thung lũng nappa', 'Vực cấm', 'Núi appule', 'Căn cứ raspberry', 'Thung lũng raspberry', 'Núi dây leo', 'Núi cây quỷ', 'Trại lính fide', 'Trại quỷ già', 'Vực chết', 'Thung lũng chết', 'Đồi cây fide', 'Khe núi tử thần', 'Núi đá', 'Rừng đá', 'Hang quỷ chim', 'Núi khỉ đen', 'Hang khỉ đen', 'Núi khỉ đỏ', 'Núi khỉ vàng');


SELECT * FROM item_option_template iot WHERE iot.NAME like '%gohan%';
select * FROM item_option_template iot WHERE iot.id IN (80, 50);
SELECT * FROM item_template it WHERE it.NAME like '%commeson%';

SELECT * FROM account a WHERE a.is_admin = 1;
SELECT * FROM map_template mt where mt.NAME like '%nappa%';
SELECT * FROM npc_template nt WHERE nt.NAME like '%lý tiểu nương%';
SELECT * FROM shop s where s.npc_id = 54;
SELECT * FROM tab_shop ts WHERE ts.shop_id = 27;
SELECT * FROM item_shop `is` WHERE `is`.tab_id = 47;
SELECT * FROM item_shop_option iso WHERE iso.item_shop_id = 9902;

SELECT * FROM item_option_template iot WHERE iot.id IN (248, 250);
SELECT * FROM item_template it WHERE it.id IN (561, 1991)

SELECT * FROM shop s WHERE s.npc_id = 39;
SELECT * FROM tab_shop ts WHERE ts.shop_id = 9;
SELECT * FROM tab_shop ts WHERE ts.shop_id IN (5, 9, 17, 18, 19, 20, 21);
SELECT * FROM item_shop `is` WHERE `is`.tab_id = 35;
SELECT * FROM item_shop_option iso WHERE iso.item_shop_id = 480;

SELECT * FROM item_shop `is` ORDER BY `is`.id DESC;
SELECT * FROM item_template it WHERE ID >= 220 AND ID <= 224;
SELECT * FROM item_template it WHERE ID >= 2045 AND ID <= 2051;
SELECT * FROM item_template it WHERE ID IN (2053, 1007, 1254, 1172, 189);
SELECT * FROM item_option_template iot WHERE iot.id IN (50, 103, 77);
SELECT * FROM item_shop_option iso;
SELECT * FROM item_option_template iot where name like '%vàng từ quái%';
SELECT * FROM item_option_template iot WHERE iot.id = 73;
SELECT * FROM item_option_template iot where name like '%tn,sm%';
SELECT * FROM item_template it WHERE it.NAME like '%hắc ám%';
SELECT a.vnd, a.* FROM account a WHERE a.username = 'td';


SELECT * FROM item_template it WHERE it.NAME like '%ngọc rồng%';
SELECT * FROM item_template it WHERE it.NAME like '%thần linh%';

SELECT * FROM item_template it WHERE it.NAME like '%mảnh hồn%';
SELECT * FROM item_template it WHERE it.NAME like '%lam%';

UPDATE player SET account_id = 18130, name = 'tdtest', power = 602512760332, head = 64, gender = 0, have_tennis_space_ship = 0, clan_id_sv1 = 7236, clan_id_sv2 = -1, data_inventory = '[82799995000,892110,1102999,1000000000000]', data_location = '[1050,408,5]', data_point = '[0,75350,68500,0,9,1000,220,0,598992100880,1000,10,602512760332,200]', data_magic_tree = '[0,1738295546879,2,1738296393190,7]', items_body = '[{"quantity":1,"create_time":1738677842522,"temp_id":555,"option":[[50,999999]]},{"quantity":1,"create_time":1738678912703,"temp_id":6,"option":[[175,9999999]]},{"quantity":1,"create_time":1738677768492,"temp_id":257,"option":[[50,999999999]]},{"quantity":0,"create_time":0,"temp_id":-1,"option":[]},{"quantity":0,"create_time":0,"temp_id":-1,"option":[]},{"quantity":0,"create_time":0,"temp_id":-1,"option":[]},{"quantity":0,"create_time":0,"temp_id":-1,"option":[]},{"quantity":0,"create_time":0,"temp_id":-1,"option":[]},{"quantity":0,"create_time":0,"temp_id":-1,"option":[]},{"quantity":0,"create_time":0,"temp_id":-1,"option":[]},{"quantity":0,"create_time":0,"temp_id":-1,"option":[]},{"quantity":0,"create_time":0,"temp_id":-1,"option":[]},{"quantity":0,"create_time":0,"temp_id":-1,"option":[]},{"quantity":0,"create_time":0,"temp_id":-1,"option":[]},{"quantity":0,"create_time":0,"temp_id":-1,"option":[]}]', items_bag = '[{"quantity":1,"create_time":1738295517585,"temp_id":454,"option":[[73,1]]},{"quantity":1,"create_time":1738295517585,"temp_id":194,"option":[[73,1]]},{"quantity":3,"create_time":1738295552221,"temp_id":60,"option":[[48,500]]},{"quantity":1,"create_time":1738295517585,"temp_id":0,"option":[[47,2]]},{"quantity":1,"create_time":1738295517585,"temp_id":6,"option":[[6,30]]},{"quantity":21,"create_time":1738296212690,"temp_id":17,"option":[[73,0]]},{"quantity":99268248,"create_time":1738296256626,"temp_id":1288,"option":[[73,0]]},{"quantity":1,"create_time":1738296350385,"temp_id":1991,"option":[[73,0]]},{"quantity":2,"create_time":1738296363359,"temp_id":16,"option":[[73,0]]},{"quantity":1,"create_time":1738505488352,"temp_id":12,"option":[[128,0],[140,0]]},{"quantity":1,"create_time":1738297082151,"temp_id":1227,"option":[[73,0]]},{"quantity":1,"create_time":1738297293312,"temp_id":711,"option":[[50,30],[77,31],[103,31],[5,10],[160,30],[194,0]]},{"quantity":2,"create_time":1738297370197,"temp_id":1143,"option":[[73,0]]},{"quantity":1,"create_time":1738297386307,"temp_id":2045,"option":[[73,0]]},{"quantity":2,"create_time":1738297387993,"temp_id":2047,"option":[[73,0]]},{"quantity":1,"create_time":1738297388743,"temp_id":730,"option":[[50,1],[77,1],[103,1],[14,1],[5,60]]},{"quantity":1,"create_time":1738297389040,"temp_id":730,"option":[[50,1],[77,1],[103,1],[14,1],[5,43]]},{"quantity":1,"create_time":1738297389529,"temp_id":2049,"option":[[73,0]]},{"quantity":1,"create_time":1738297389870,"temp_id":2051,"option":[[73,0]]},{"quantity":1,"create_time":1738297390999,"temp_id":730,"option":[[50,1],[77,1],[103,1],[14,1],[5,64]]},{"quantity":1,"create_time":1738297294716,"temp_id":710,"option":[[50,33],[77,35],[103,35],[5,12],[101,100],[160,50],[195,0]]},{"quantity":1,"create_time":1738296638952,"temp_id":6,"option":[[48,1111111]]},{"quantity":1,"create_time":1738295517585,"temp_id":12,"option":[[14,1]]},{"quantity":1,"create_time":1738297511339,"temp_id":2133,"option":[[50,20],[77,20],[103,20]]},{"quantity":1,"create_time":1738297279645,"temp_id":1279,"option":[[50,22],[77,22],[103,22]]},{"quantity":1,"create_time":1738297286303,"temp_id":2155,"option":[[50,15],[77,15],[103,15]]},{"quantity":1,"create_time":1738297269145,"temp_id":2135,"option":[[50,22],[77,22],[103,22]]},{"quantity":95,"create_time":1738505195321,"temp_id":555,"option":[[73,0]]},{"quantity":95,"create_time":1738505200865,"temp_id":555,"option":[[73,0]]},{"quantity":97,"create_time":1738505219476,"temp_id":556,"option":[[73,0]]},{"quantity":97,"create_time":1738505224780,"temp_id":556,"option":[[73,0]]},{"quantity":91,"create_time":1738505242307,"temp_id":562,"option":[[73,0]]},{"quantity":91,"create_time":1738505245647,"temp_id":562,"option":[[73,0]]},{"quantity":93,"create_time":1738505249195,"temp_id":563,"option":[[73,0]]},{"quantity":93,"create_time":1738505251896,"temp_id":563,"option":[[73,0]]},{"quantity":95,"create_time":1738505255396,"temp_id":561,"option":[[73,0]]},{"quantity":96,"create_time":1738505261993,"temp_id":561,"option":[[73,0]]},{"quantity":9530,"create_time":1738505283580,"temp_id":674,"option":[[73,0]]},{"quantity":1,"create_time":1738296136422,"temp_id":0,"option":[[50,10000000]]},{"quantity":1,"create_time":1738506216435,"temp_id":6,"option":[[175,111111]]},{"quantity":1,"create_time":1738600097166,"temp_id":24,"option":[[0,7],[129,0],[141,100]]},{"quantity":1,"create_time":1738600125563,"temp_id":37,"option":[[0,14],[129,0],[141,100]]},{"quantity":1,"create_time":1738600185910,"temp_id":144,"option":[[0,55],[129,0],[141,100]]},{"quantity":1,"create_time":1738600242165,"temp_id":145,"option":[[0,110],[129,0],[141,100]]},{"quantity":1,"create_time":1738600273304,"temp_id":146,"option":[[0,220],[129,0],[141,100]]},{"quantity":1,"create_time":1738600300023,"temp_id":147,"option":[[0,530],[129,0],[141,100]]},{"quantity":1,"create_time":1738600325417,"temp_id":254,"option":[[0,680],[129,0],[141,100]]},{"quantity":1,"create_time":1738600352965,"temp_id":255,"option":[[0,1000],[129,0],[141,100]]},{"quantity":1,"create_time":1738600378771,"temp_id":256,"option":[[0,1500],[129,0],[141,100]]},{"quantity":1,"create_time":1738600406829,"temp_id":257,"option":[[0,2200],[129,0],[141,100]]},{"quantity":860,"create_time":1738635289535,"temp_id":1911,"option":[[73,0]]},{"quantity":1,"create_time":1738635361995,"temp_id":0,"option":[[47,2],[128,0],[140,0]]},{"quantity":1,"create_time":1738635369414,"temp_id":0,"option":[[47,2],[128,0],[140,0]]},{"quantity":1,"create_time":1738505425226,"temp_id":21,"option":[[128,0],[140,0]]},{"quantity":1,"create_time":1738505474155,"temp_id":27,"option":[[128,0],[140,0]]},{"quantity":1,"create_time":1738505491222,"temp_id":12,"option":[[128,0],[140,0]]},{"quantity":1,"create_time":1738764085780,"temp_id":37,"option":[[0,14],[129,0],[141,100]]},{"quantity":1,"create_time":1738764137477,"temp_id":38,"option":[[0,28],[129,0],[141,100]]},{"quantity":1,"create_time":1738764301171,"temp_id":144,"option":[[0,55],[129,0],[141,100]]},{"quantity":0,"create_time":0,"temp_id":-1,"option":[]},{"quantity":0,"create_time":0,"temp_id":-1,"option":[]},{"quantity":0,"create_time":0,"temp_id":-1,"option":[]},{"quantity":0,"create_time":0,"temp_id":-1,"option":[]},{"quantity":0,"create_time":0,"temp_id":-1,"option":[]},{"quantity":0,"create_time":0,"temp_id":-1,"option":[]},{"quantity":0,"create_time":0,"temp_id":-1,"option":[]},{"quantity":0,"create_time":0,"temp_id":-1,"option":[]},{"quantity":0,"create_time":0,"temp_id":-1,"option":[]},{"quantity":0,"create_time":0,"temp_id":-1,"option":[]},{"quantity":0,"create_time":0,"temp_id":-1,"option":[]},{"quantity":0,"create_time":0,"temp_id":-1,"option":[]},{"quantity":0,"create_time":0,"temp_id":-1,"option":[]},{"quantity":0,"create_time":0,"temp_id":-1,"option":[]},{"quantity":0,"create_time":0,"temp_id":-1,"option":[]},{"quantity":0,"create_time":0,"temp_id":-1,"option":[]},{"quantity":0,"create_time":0,"temp_id":-1,"option":[]},{"quantity":0,"create_time":0,"temp_id":-1,"option":[]},{"quantity":0,"create_time":0,"temp_id":-1,"option":[]},{"quantity":0,"create_time":0,"temp_id":-1,"option":[]},{"quantity":0,"create_time":0,"temp_id":-1,"option":[]}]', items_box = '[{"quantity":0,"create_time":0,"temp_id":-1,"option":[]},{"quantity":0,"create_time":0,"temp_id":-1,"option":[]},{"quantity":0,"create_time":0,"temp_id":-1,"option":[]},{"quantity":0,"create_time":0,"temp_id":-1,"option":[]},{"quantity":0,"create_time":0,"temp_id":-1,"option":[]},{"quantity":0,"create_time":0,"temp_id":-1,"option":[]},{"quantity":0,"create_time":0,"temp_id":-1,"option":[]},{"quantity":0,"create_time":0,"temp_id":-1,"option":[]},{"quantity":0,"create_time":0,"temp_id":-1,"option":[]},{"quantity":0,"create_time":0,"temp_id":-1,"option":[]},{"quantity":0,"create_time":0,"temp_id":-1,"option":[]},{"quantity":0,"create_time":0,"temp_id":-1,"option":[]},{"quantity":0,"create_time":0,"temp_id":-1,"option":[]},{"quantity":0,"create_time":0,"temp_id":-1,"option":[]},{"quantity":0,"create_time":0,"temp_id":-1,"option":[]},{"quantity":0,"create_time":0,"temp_id":-1,"option":[]},{"quantity":0,"create_time":0,"temp_id":-1,"option":[]},{"quantity":0,"create_time":0,"temp_id":-1,"option":[]},{"quantity":0,"create_time":0,"temp_id":-1,"option":[]},{"quantity":0,"create_time":0,"temp_id":-1,"option":[]}]', items_box_lucky_round = '[{"quantity":0,"create_time":0,"temp_id":-1,"option":[]},{"quantity":0,"create_time":0,"temp_id":-1,"option":[]},{"quantity":0,"create_time":0,"temp_id":-1,"option":[]},{"quantity":0,"create_time":0,"temp_id":-1,"option":[]},{"quantity":0,"create_time":0,"temp_id":-1,"option":[]},{"quantity":0,"create_time":0,"temp_id":-1,"option":[]},{"quantity":0,"create_time":0,"temp_id":-1,"option":[]},{"quantity":0,"create_time":0,"temp_id":-1,"option":[]},{"quantity":0,"create_time":0,"temp_id":-1,"option":[]},{"quantity":0,"create_time":0,"temp_id":-1,"option":[]},{"quantity":0,"create_time":0,"temp_id":-1,"option":[]},{"quantity":0,"create_time":0,"temp_id":-1,"option":[]},{"quantity":0,"create_time":0,"temp_id":-1,"option":[]},{"quantity":0,"create_time":0,"temp_id":-1,"option":[]},{"quantity":0,"create_time":0,"temp_id":-1,"option":[]},{"quantity":0,"create_time":0,"temp_id":-1,"option":[]},{"quantity":0,"create_time":0,"temp_id":-1,"option":[]},{"quantity":0,"create_time":0,"temp_id":-1,"option":[]},{"quantity":0,"create_time":0,"temp_id":-1,"option":[]},{"quantity":0,"create_time":0,"temp_id":-1,"option":[]},{"quantity":0,"create_time":0,"temp_id":-1,"option":[]},{"quantity":0,"create_time":0,"temp_id":-1,"option":[]},{"quantity":0,"create_time":0,"temp_id":-1,"option":[]},{"quantity":0,"create_time":0,"temp_id":-1,"option":[]},{"quantity":0,"create_time":0,"temp_id":-1,"option":[]},{"quantity":0,"create_time":0,"temp_id":-1,"option":[]},{"quantity":0,"create_time":0,"temp_id":-1,"option":[]},{"quantity":0,"create_time":0,"temp_id":-1,"option":[]},{"quantity":0,"create_time":0,"temp_id":-1,"option":[]},{"quantity":0,"create_time":0,"temp_id":-1,"option":[]},{"quantity":0,"create_time":0,"temp_id":-1,"option":[]},{"quantity":0,"create_time":0,"temp_id":-1,"option":[]},{"quantity":0,"create_time":0,"temp_id":-1,"option":[]},{"quantity":0,"create_time":0,"temp_id":-1,"option":[]},{"quantity":0,"create_time":0,"temp_id":-1,"option":[]},{"quantity":0,"create_time":0,"temp_id":-1,"option":[]},{"quantity":0,"create_time":0,"temp_id":-1,"option":[]},{"quantity":0,"create_time":0,"temp_id":-1,"option":[]},{"quantity":0,"create_time":0,"temp_id":-1,"option":[]},{"quantity":0,"create_time":0,"temp_id":-1,"option":[]},{"quantity":0,"create_time":0,"temp_id":-1,"option":[]},{"quantity":0,"create_time":0,"temp_id":-1,"option":[]},{"quantity":0,"create_time":0,"temp_id":-1,"option":[]},{"quantity":0,"create_time":0,"temp_id":-1,"option":[]},{"quantity":0,"create_time":0,"temp_id":-1,"option":[]},{"quantity":0,"create_time":0,"temp_id":-1,"option":[]},{"quantity":0,"create_time":0,"temp_id":-1,"option":[]},{"quantity":0,"create_time":0,"temp_id":-1,"option":[]},{"quantity":0,"create_time":0,"temp_id":-1,"option":[]},{"quantity":0,"create_time":0,"temp_id":-1,"option":[]},{"quantity":0,"create_time":0,"temp_id":-1,"option":[]},{"quantity":0,"create_time":0,"temp_id":-1,"option":[]},{"quantity":0,"create_time":0,"temp_id":-1,"option":[]},{"quantity":0,"create_time":0,"temp_id":-1,"option":[]},{"quantity":0,"create_time":0,"temp_id":-1,"option":[]},{"quantity":0,"create_time":0,"temp_id":-1,"option":[]},{"quantity":0,"create_time":0,"temp_id":-1,"option":[]},{"quantity":0,"create_time":0,"temp_id":-1,"option":[]},{"quantity":0,"create_time":0,"temp_id":-1,"option":[]},{"quantity":0,"create_time":0,"temp_id":-1,"option":[]},{"quantity":0,"create_time":0,"temp_id":-1,"option":[]},{"quantity":0,"create_time":0,"temp_id":-1,"option":[]},{"quantity":0,"create_time":0,"temp_id":-1,"option":[]},{"quantity":0,"create_time":0,"temp_id":-1,"option":[]},{"quantity":0,"create_time":0,"temp_id":-1,"option":[]},{"quantity":0,"create_time":0,"temp_id":-1,"option":[]},{"quantity":0,"create_time":0,"temp_id":-1,"option":[]},{"quantity":0,"create_time":0,"temp_id":-1,"option":[]},{"quantity":0,"create_time":0,"temp_id":-1,"option":[]},{"quantity":0,"create_time":0,"temp_id":-1,"option":[]},{"quantity":0,"create_time":0,"temp_id":-1,"option":[]},{"quantity":0,"create_time":0,"temp_id":-1,"option":[]},{"quantity":0,"create_time":0,"temp_id":-1,"option":[]},{"quantity":0,"create_time":0,"temp_id":-1,"option":[]},{"quantity":0,"create_time":0,"temp_id":-1,"option":[]},{"quantity":0,"create_time":0,"temp_id":-1,"option":[]},{"quantity":0,"create_time":0,"temp_id":-1,"option":[]},{"quantity":0,"create_time":0,"temp_id":-1,"option":[]},{"quantity":0,"create_time":0,"temp_id":-1,"option":[]},{"quantity":0,"create_time":0,"temp_id":-1,"option":[]},{"quantity":0,"create_time":0,"temp_id":-1,"option":[]},{"quantity":0,"create_time":0,"temp_id":-1,"option":[]},{"quantity":0,"create_time":0,"temp_id":-1,"option":[]},{"quantity":0,"create_time":0,"temp_id":-1,"option":[]},{"quantity":0,"create_time":0,"temp_id":-1,"option":[]},{"quantity":0,"create_time":0,"temp_id":-1,"option":[]},{"quantity":0,"create_time":0,"temp_id":-1,"option":[]},{"quantity":0,"create_time":0,"temp_id":-1,"option":[]},{"quantity":0,"create_time":0,"temp_id":-1,"option":[]},{"quantity":0,"create_time":0,"temp_id":-1,"option":[]},{"quantity":0,"create_time":0,"temp_id":-1,"option":[]},{"quantity":0,"create_time":0,"temp_id":-1,"option":[]},{"quantity":0,"create_time":0,"temp_id":-1,"option":[]},{"quantity":0,"create_time":0,"temp_id":-1,"option":[]},{"quantity":0,"create_time":0,"temp_id":-1,"option":[]},{"quantity":0,"create_time":0,"temp_id":-1,"option":[]},{"quantity":0,"create_time":0,"temp_id":-1,"option":[]},{"quantity":0,"create_time":0,"temp_id":-1,"option":[]},{"quantity":0,"create_time":0,"temp_id":-1,"option":[]},{"quantity":0,"create_time":0,"temp_id":-1,"option":[]},{"quantity":0,"create_time":0,"temp_id":-1,"option":[]},{"quantity":0,"create_time":0,"temp_id":-1,"option":[]},{"quantity":0,"create_time":0,"temp_id":-1,"option":[]},{"quantity":0,"create_time":0,"temp_id":-1,"option":[]},{"quantity":0,"create_time":0,"temp_id":-1,"option":[]},{"quantity":0,"create_time":0,"temp_id":-1,"option":[]},{"quantity":0,"create_time":0,"temp_id":-1,"option":[]},{"quantity":0,"create_time":0,"temp_id":-1,"option":[]},{"quantity":0,"create_time":0,"temp_id":-1,"option":[]},{"quantity":0,"create_time":0,"temp_id":-1,"option":[]}]', friends = '[]', enemies = '[]', data_intrinsic = '[4,54,0,0]', data_item_time = '[0,0,0,0,0,0,0,0,0,0,0,0,0,0,0]', data_task = '[0,24,3]', data_mabu_egg = '{}', data_charm = '[0,0,0,0,0,0,0,0,0,0,0]', skills = '[[0,1738679353639,1,0],[1,1738506727954,7,0],[6,0,0,0],[9,1738679243925,7,0],[10,1738507337942,7,0],[20,0,0,0],[22,0,0,0],[19,0,0,0],[24,0,0,0]]', skills_shortcut = '[0,-1,-1,-1,-1,-1,-1,-1,-1,-1]', pet_info = '{"gender":0,"is_mabu":1,"level":0,"name":"$Mabư mập","type_fusion":0,"left_fusion":1153018656,"status":3}', pet_power = 1532348, pet_point = '{"mp":1452,"max_stamina":1000,"mpg":1320,"critg":0,"limit_power":0,"stamina":1000,"hp":1364,"damg":88,"power":1532348,"defg":36,"hpg":1240,"tiem_nang":11049}', pet_body = '[{"quantity":0,"create_time":0,"temp_id":-1,"option":[]},{"quantity":0,"create_time":0,"temp_id":-1,"option":[]},{"quantity":0,"create_time":0,"temp_id":-1,"option":[]},{"quantity":0,"create_time":0,"temp_id":-1,"option":[]},{"quantity":0,"create_time":0,"temp_id":-1,"option":[]},{"quantity":0,"create_time":0,"temp_id":-1,"option":[]},{"quantity":0,"create_time":0,"temp_id":-1,"option":[]},{"quantity":0,"create_time":0,"temp_id":-1,"option":[]},{"quantity":0,"create_time":0,"temp_id":-1,"option":[]}]', pet_skill = '[[17,1],[-1,0],[-1,0],[-1,0],[-1,0]]', create_time = '2025-01-30 19:51:57', data_black_ball = '[[0,0],[0,0],[0,0],[0,0],[0,0],[0,0],[0,0]]', thoi_vang = 0, data_side_task = '[0,0,50,-1,0,0]', new_reg = 0, event_point = 0, `1sao` = 0, `2sao` = 0, `3sao` = 2, top = 0, collection_book = '[{"id":1,"amount":0,"level":0,"use":false},{"id":2,"amount":0,"level":0,"use":false},{"id":3,"amount":0,"level":0,"use":false},{"id":4,"amount":0,"level":0,"use":false},{"id":5,"amount":0,"level":0,"use":false},{"id":6,"amount":0,"level":0,"use":false},{"id":7,"amount":0,"level":0,"use":false},{"id":8,"amount":0,"level":0,"use":false},{"id":9,"amount":0,"level":0,"use":false},{"id":10,"amount":0,"level":0,"use":false},{"id":11,"amount":0,"level":0,"use":false},{"id":12,"amount":0,"level":0,"use":false},{"id":13,"amount":0,"level":0,"use":false},{"id":14,"amount":0,"level":0,"use":false},{"id":15,"amount":0,"level":0,"use":false},{"id":16,"amount":0,"level":0,"use":false},{"id":17,"amount":0,"level":0,"use":false},{"id":18,"amount":0,"level":0,"use":false}]', challenge = '[1,0,0]', firstTimeLogin = '2025-02-05 05:58:36', sk_tet = '[0,0,0,0,0]', buy_limit = '[0,0,0,0,0,0,0,0,0,0,0,0,0]', moc_nap = 0, achivements = '[{"receive":0,"count":0,"finish":0,"id":0},{"receive":0,"count":0,"finish":0,"id":1},{"receive":0,"count":0,"finish":0,"id":2},{"receive":0,"count":0,"finish":0,"id":3},{"receive":0,"count":329,"finish":0,"id":4},{"receive":0,"count":38,"finish":0,"id":5},{"receive":0,"count":0,"finish":0,"id":6},{"receive":0,"count":7,"finish":0,"id":7},{"receive":0,"count":0,"finish":0,"id":8},{"receive":0,"count":0,"finish":0,"id":9},{"receive":0,"count":0,"finish":0,"id":10},{"receive":0,"count":0,"finish":0,"id":11},{"receive":0,"count":0,"finish":0,"id":12},{"receive":0,"count":0,"finish":0,"id":13},{"receive":0,"count":0,"finish":0,"id":14},{"receive":0,"count":0,"finish":0,"id":15}]', reward_limit = '[0,0,0,0,0,0,0,0,0,0]', item_new_time = '[0,0,0,0,0,0,0,0,0,0,0,0,0,0]', data_bill_egg = '{}', data_egg_linhthu = '{}', time_may_do = '[0]', pointShiba = 0, diem_skien = 0, maintain = 0, zm = '[0,0]', lvpet = 0, data_tong_nap = '[0,0,0]', time_effect = '[0]' WHERE id = 13934;

UPDATE player SET items_bag = '[{"quantity":1,"create_time":1738295517585,"temp_id":454,"option":[[73,1]]},{"quantity":1,"create_time":1738295517585,"temp_id":194,"option":[[73,1]]},{"quantity":3,"create_time":1738295552221,"temp_id":60,"option":[[48,500]]},{"quantity":1,"create_time":1738295517585,"temp_id":0,"option":[[47,2]]},{"quantity":1,"create_time":1738295517585,"temp_id":6,"option":[[6,30]]},{"quantity":21,"create_time":1738296212690,"temp_id":17,"option":[[73,0]]},{"quantity":99268248,"create_time":1738296256626,"temp_id":1288,"option":[[73,0]]},{"quantity":1,"create_time":1738296350385,"temp_id":1991,"option":[[73,0]]},{"quantity":2,"create_time":1738296363359,"temp_id":16,"option":[[73,0]]},{"quantity":1,"create_time":1738505488352,"temp_id":12,"option":[[128,0],[140,0]]},{"quantity":1,"create_time":1738297082151,"temp_id":1227,"option":[[73,0]]},{"quantity":1,"create_time":1738297293312,"temp_id":711,"option":[[50,30],[77,31],[103,31],[5,10],[160,30],[194,0]]},{"quantity":2,"create_time":1738297370197,"temp_id":1143,"option":[[73,0]]},{"quantity":1,"create_time":1738297386307,"temp_id":2045,"option":[[73,0]]},{"quantity":2,"create_time":1738297387993,"temp_id":2047,"option":[[73,0]]},{"quantity":1,"create_time":1738297388743,"temp_id":730,"option":[[50,1],[77,1],[103,1],[14,1],[5,60]]},{"quantity":1,"create_time":1738297389040,"temp_id":730,"option":[[50,1],[77,1],[103,1],[14,1],[5,43]]},{"quantity":1,"create_time":1738297389529,"temp_id":2049,"option":[[73,0]]},{"quantity":1,"create_time":1738297389870,"temp_id":2051,"option":[[73,0]]},{"quantity":1,"create_time":1738297390999,"temp_id":730,"option":[[50,1],[77,1],[103,1],[14,1],[5,64]]},{"quantity":1,"create_time":1738297294716,"temp_id":710,"option":[[50,33],[77,35],[103,35],[5,12],[101,100],[160,50],[195,0]]},{"quantity":1,"create_time":1738296638952,"temp_id":6,"option":[[48,1111111]]},{"quantity":1,"create_time":1738295517585,"temp_id":12,"option":[[14,1]]},{"quantity":1,"create_time":1738297511339,"temp_id":2133,"option":[[50,20],[77,20],[103,20]]},{"quantity":1,"create_time":1738297279645,"temp_id":1279,"option":[[50,22],[77,22],[103,22]]},{"quantity":1,"create_time":1738297286303,"temp_id":2155,"option":[[50,15],[77,15],[103,15]]},{"quantity":1,"create_time":1738297269145,"temp_id":2135,"option":[[50,22],[77,22],[103,22]]},{"quantity":95,"create_time":1738505195321,"temp_id":555,"option":[[73,0]]},{"quantity":95,"create_time":1738505200865,"temp_id":555,"option":[[73,0]]},{"quantity":97,"create_time":1738505219476,"temp_id":556,"option":[[73,0]]},{"quantity":97,"create_time":1738505224780,"temp_id":556,"option":[[73,0]]},{"quantity":91,"create_time":1738505242307,"temp_id":562,"option":[[73,0]]},{"quantity":91,"create_time":1738505245647,"temp_id":562,"option":[[73,0]]},{"quantity":93,"create_time":1738505249195,"temp_id":563,"option":[[73,0]]},{"quantity":93,"create_time":1738505251896,"temp_id":563,"option":[[73,0]]},{"quantity":95,"create_time":1738505255396,"temp_id":561,"option":[[73,0]]},{"quantity":96,"create_time":1738505261993,"temp_id":561,"option":[[73,0]]},{"quantity":9530,"create_time":1738505283580,"temp_id":674,"option":[[73,0]]},{"quantity":1,"create_time":1738296136422,"temp_id":0,"option":[[50,10000000]]},{"quantity":1,"create_time":1738506216435,"temp_id":6,"option":[[175,111111]]},{"quantity":1,"create_time":1738600097166,"temp_id":24,"option":[[0,7],[129,0],[141,100]]},{"quantity":1,"create_time":1738600125563,"temp_id":37,"option":[[0,14],[129,0],[141,100]]},{"quantity":1,"create_time":1738600185910,"temp_id":144,"option":[[0,55],[129,0],[141,100]]},{"quantity":1,"create_time":1738600242165,"temp_id":145,"option":[[0,110],[129,0],[141,100]]},{"quantity":1,"create_time":1738600273304,"temp_id":146,"option":[[0,220],[129,0],[141,100]]},{"quantity":1,"create_time":1738600300023,"temp_id":147,"option":[[0,530],[129,0],[141,100]]},{"quantity":1,"create_time":1738600325417,"temp_id":254,"option":[[0,680],[129,0],[141,100]]},{"quantity":1,"create_time":1738600352965,"temp_id":255,"option":[[0,1000],[129,0],[141,100]]},{"quantity":1,"create_time":1738600378771,"temp_id":256,"option":[[0,1500],[129,0],[141,100]]},{"quantity":1,"create_time":1738600406829,"temp_id":257,"option":[[0,2200],[129,0],[141,100]]},{"quantity":860,"create_time":1738635289535,"temp_id":1911,"option":[[73,0]]},{"quantity":1,"create_time":1738635361995,"temp_id":0,"option":[[47,2],[128,0],[140,0]]},{"quantity":1,"create_time":1738635369414,"temp_id":0,"option":[[47,2],[128,0],[140,0]]},{"quantity":1,"create_time":1738505425226,"temp_id":21,"option":[[128,0],[140,0]]},{"quantity":1,"create_time":1738505474155,"temp_id":27,"option":[[128,0],[140,0]]},{"quantity":1,"create_time":1738505491222,"temp_id":12,"option":[[128,0],[140,0]]},{"quantity":1,"create_time":1738764085780,"temp_id":37,"option":[[0,14],[129,0],[141,100]]},{"quantity":1,"create_time":1738764137477,"temp_id":38,"option":[[0,28],[129,0],[141,100]]},{"quantity":1,"create_time":1738764137477,"temp_id":38,"option":[[0,28],[129,0],[141,100]]},{"quantity":0,"create_time":0,"temp_id":-1,"option":[]},{"quantity":0,"create_time":0,"temp_id":-1,"option":[]},{"quantity":0,"create_time":0,"temp_id":-1,"option":[]},{"quantity":0,"create_time":0,"temp_id":-1,"option":[]},{"quantity":0,"create_time":0,"temp_id":-1,"option":[]},{"quantity":0,"create_time":0,"temp_id":-1,"option":[]},{"quantity":0,"create_time":0,"temp_id":-1,"option":[]},{"quantity":0,"create_time":0,"temp_id":-1,"option":[]},{"quantity":0,"create_time":0,"temp_id":-1,"option":[]},{"quantity":0,"create_time":0,"temp_id":-1,"option":[]},{"quantity":0,"create_time":0,"temp_id":-1,"option":[]},{"quantity":0,"create_time":0,"temp_id":-1,"option":[]},{"quantity":0,"create_time":0,"temp_id":-1,"option":[]},{"quantity":0,"create_time":0,"temp_id":-1,"option":[]},{"quantity":0,"create_time":0,"temp_id":-1,"option":[]},{"quantity":0,"create_time":0,"temp_id":-1,"option":[]},{"quantity":0,"create_time":0,"temp_id":-1,"option":[]},{"quantity":0,"create_time":0,"temp_id":-1,"option":[]},{"quantity":0,"create_time":0,"temp_id":-1,"option":[]},{"quantity":0,"create_time":0,"temp_id":-1,"option":[]},{"quantity":0,"create_time":0,"temp_id":-1,"option":[]},{"quantity":0,"create_time":0,"temp_id":-1,"option":[]}]' WHERE ID = 13934;

UPDATE player SET items_bag = '[{"quantity":1,"create_time":1738295517585,"temp_id":454,"option":[[73,1]]},{"quantity":1,"create_time":1738295517585,"temp_id":194,"option":[[73,1]]},{"quantity":3,"create_time":1738295552221,"temp_id":60,"option":[[48,500]]},{"quantity":1,"create_time":1738295517585,"temp_id":0,"option":[[47,2]]},{"quantity":1,"create_time":1738295517585,"temp_id":6,"option":[[6,30]]},{"quantity":21,"create_time":1738296212690,"temp_id":17,"option":[[73,0]]},{"quantity":99268248,"create_time":1738296256626,"temp_id":1288,"option":[[73,0]]},{"quantity":1,"create_time":1738296350385,"temp_id":1991,"option":[[73,0]]},{"quantity":2,"create_time":1738296363359,"temp_id":16,"option":[[73,0]]},{"quantity":1,"create_time":1738505488352,"temp_id":12,"option":[[128,0],[140,0]]},{"quantity":1,"create_time":1738297082151,"temp_id":1227,"option":[[73,0]]},{"quantity":1,"create_time":1738297293312,"temp_id":711,"option":[[50,30],[77,31],[103,31],[5,10],[160,30],[194,0]]},{"quantity":2,"create_time":1738297370197,"temp_id":1143,"option":[[73,0]]},{"quantity":1,"create_time":1738297386307,"temp_id":2045,"option":[[73,0]]},{"quantity":2,"create_time":1738297387993,"temp_id":2047,"option":[[73,0]]},{"quantity":1,"create_time":1738297388743,"temp_id":730,"option":[[50,1],[77,1],[103,1],[14,1],[5,60]]},{"quantity":1,"create_time":1738297389040,"temp_id":730,"option":[[50,1],[77,1],[103,1],[14,1],[5,43]]},{"quantity":1,"create_time":1738297389529,"temp_id":2049,"option":[[73,0]]},{"quantity":1,"create_time":1738297389870,"temp_id":2051,"option":[[73,0]]},{"quantity":1,"create_time":1738297390999,"temp_id":730,"option":[[50,1],[77,1],[103,1],[14,1],[5,64]]},{"quantity":1,"create_time":1738297294716,"temp_id":710,"option":[[50,33],[77,35],[103,35],[5,12],[101,100],[160,50],[195,0]]},{"quantity":1,"create_time":1738296638952,"temp_id":6,"option":[[48,1111111]]},{"quantity":1,"create_time":1738295517585,"temp_id":12,"option":[[14,1]]},{"quantity":1,"create_time":1738297511339,"temp_id":2133,"option":[[50,20],[77,20],[103,20]]},{"quantity":1,"create_time":1738297279645,"temp_id":1279,"option":[[50,22],[77,22],[103,22]]},{"quantity":1,"create_time":1738297286303,"temp_id":2155,"option":[[50,15],[77,15],[103,15]]},{"quantity":1,"create_time":1738297269145,"temp_id":2135,"option":[[50,22],[77,22],[103,22]]},{"quantity":95,"create_time":1738505195321,"temp_id":555,"option":[[73,0]]},{"quantity":95,"create_time":1738505200865,"temp_id":555,"option":[[73,0]]},{"quantity":97,"create_time":1738505219476,"temp_id":556,"option":[[73,0]]},{"quantity":97,"create_time":1738505224780,"temp_id":556,"option":[[73,0]]},{"quantity":91,"create_time":1738505242307,"temp_id":562,"option":[[73,0]]},{"quantity":91,"create_time":1738505245647,"temp_id":562,"option":[[73,0]]},{"quantity":93,"create_time":1738505249195,"temp_id":563,"option":[[73,0]]},{"quantity":93,"create_time":1738505251896,"temp_id":563,"option":[[73,0]]},{"quantity":95,"create_time":1738505255396,"temp_id":561,"option":[[73,0]]},{"quantity":96,"create_time":1738505261993,"temp_id":561,"option":[[73,0]]},{"quantity":9530,"create_time":1738505283580,"temp_id":674,"option":[[73,0]]},{"quantity":1,"create_time":1738296136422,"temp_id":0,"option":[[50,10000000]]},{"quantity":1,"create_time":1738506216435,"temp_id":6,"option":[[175,111111]]},{"quantity":1,"create_time":1738600097166,"temp_id":24,"option":[[0,7],[129,0],[141,100]]},{"quantity":1,"create_time":1738600125563,"temp_id":37,"option":[[0,14],[129,0],[141,100]]},{"quantity":1,"create_time":1738600185910,"temp_id":144,"option":[[0,55],[129,0],[141,100]]},{"quantity":1,"create_time":1738600242165,"temp_id":145,"option":[[0,110],[129,0],[141,100]]},{"quantity":1,"create_time":1738600273304,"temp_id":146,"option":[[0,220],[129,0],[141,100]]},{"quantity":1,"create_time":1738600300023,"temp_id":147,"option":[[0,530],[129,0],[141,100]]},{"quantity":1,"create_time":1738600325417,"temp_id":254,"option":[[0,680],[129,0],[141,100]]},{"quantity":1,"create_time":1738600352965,"temp_id":255,"option":[[0,1000],[129,0],[141,100]]},{"quantity":1,"create_time":1738600378771,"temp_id":256,"option":[[0,1500],[129,0],[141,100]]},{"quantity":1,"create_time":1738600406829,"temp_id":257,"option":[[0,2200],[129,0],[141,100]]},{"quantity":860,"create_time":1738635289535,"temp_id":1911,"option":[[73,0]]},{"quantity":1,"create_time":1738635361995,"temp_id":0,"option":[[47,2],[128,0],[140,0]]},{"quantity":1,"create_time":1738635369414,"temp_id":0,"option":[[47,2],[128,0],[140,0]]},{"quantity":1,"create_time":1738505425226,"temp_id":21,"option":[[128,0],[140,0]]},{"quantity":1,"create_time":1738505474155,"temp_id":27,"option":[[128,0],[140,0]]},{"quantity":1,"create_time":1738505491222,"temp_id":12,"option":[[128,0],[140,0]]},{"quantity":1,"create_time":1738764085780,"temp_id":37,"option":[[0,14],[129,0],[141,100]]},{"quantity":1,"create_time":1738764137477,"temp_id":38,"option":[[0,28],[129,0],[141,100]]},{"quantity":1,"create_time":1738764137477,"temp_id":38,"option":[[0,28],[127,0],[140,0]]},{"quantity":0,"create_time":0,"temp_id":-1,"option":[]},{"quantity":0,"create_time":0,"temp_id":-1,"option":[]},{"quantity":0,"create_time":0,"temp_id":-1,"option":[]},{"quantity":0,"create_time":0,"temp_id":-1,"option":[]},{"quantity":0,"create_time":0,"temp_id":-1,"option":[]},{"quantity":0,"create_time":0,"temp_id":-1,"option":[]},{"quantity":0,"create_time":0,"temp_id":-1,"option":[]},{"quantity":0,"create_time":0,"temp_id":-1,"option":[]},{"quantity":0,"create_time":0,"temp_id":-1,"option":[]},{"quantity":0,"create_time":0,"temp_id":-1,"option":[]},{"quantity":0,"create_time":0,"temp_id":-1,"option":[]},{"quantity":0,"create_time":0,"temp_id":-1,"option":[]},{"quantity":0,"create_time":0,"temp_id":-1,"option":[]},{"quantity":0,"create_time":0,"temp_id":-1,"option":[]},{"quantity":0,"create_time":0,"temp_id":-1,"option":[]},{"quantity":0,"create_time":0,"temp_id":-1,"option":[]},{"quantity":0,"create_time":0,"temp_id":-1,"option":[]},{"quantity":0,"create_time":0,"temp_id":-1,"option":[]},{"quantity":0,"create_time":0,"temp_id":-1,"option":[]},{"quantity":0,"create_time":0,"temp_id":-1,"option":[]},{"quantity":0,"create_time":0,"temp_id":-1,"option":[]},{"quantity":0,"create_time":0,"temp_id":-1,"option":[]}]' WHERE ID = 13934;



UPDATE player SET id = 13934, account_id = 18130, name = 'tdtest', power = 602512760332, head = 64, gender = 0, have_tennis_space_ship = 0, clan_id_sv1 = 7236, clan_id_sv2 = -1, data_inventory = '[82799995000,892110,1102999,1000000000000]', data_location = '[1050,408,5]', data_point = '[0,75361,68500,0,9,1000,223,0,598992100880,1000,10,602512760332,200]', data_magic_tree = '[0,1738295546879,2,1738296393190,7]', items_body = '[{"quantity":1,"create_time":1738772081813,"temp_id":0,"option":[[47,2],[127,0],[139,0]]},{"quantity":1,"create_time":1738772202811,"temp_id":6,"option":[[6,30],[127,0],[139,0]]},{"quantity":1,"create_time":1738772217311,"temp_id":21,"option":[[0,4],[127,0],[139,0]]},{"quantity":1,"create_time":1738772326371,"temp_id":27,"option":[[7,10],[127,0],[139,0]]},{"quantity":1,"create_time":1738772394701,"temp_id":12,"option":[[14,1],[127,0],[139,0]]},{"quantity":0,"create_time":0,"temp_id":-1,"option":[]},{"quantity":0,"create_time":0,"temp_id":-1,"option":[]},{"quantity":0,"create_time":0,"temp_id":-1,"option":[]},{"quantity":0,"create_time":0,"temp_id":-1,"option":[]},{"quantity":0,"create_time":0,"temp_id":-1,"option":[]},{"quantity":0,"create_time":0,"temp_id":-1,"option":[]},{"quantity":0,"create_time":0,"temp_id":-1,"option":[]},{"quantity":0,"create_time":0,"temp_id":-1,"option":[]},{"quantity":0,"create_time":0,"temp_id":-1,"option":[]},{"quantity":0,"create_time":0,"temp_id":-1,"option":[]}]', items_bag = '[{"quantity":1,"create_time":1738295517585,"temp_id":454,"option":[[73,1]]},{"quantity":1,"create_time":1738295517585,"temp_id":194,"option":[[73,1]]},{"quantity":3,"create_time":1738295552221,"temp_id":60,"option":[[48,500]]},{"quantity":1,"create_time":1738295517585,"temp_id":0,"option":[[47,2]]},{"quantity":1,"create_time":1738295517585,"temp_id":6,"option":[[6,30]]},{"quantity":21,"create_time":1738296212690,"temp_id":17,"option":[[73,0]]},{"quantity":99268248,"create_time":1738296256626,"temp_id":1288,"option":[[73,0]]},{"quantity":1,"create_time":1738296350385,"temp_id":1991,"option":[[73,0]]},{"quantity":2,"create_time":1738296363359,"temp_id":16,"option":[[73,0]]},{"quantity":1,"create_time":1738505488352,"temp_id":12,"option":[[128,0],[140,0]]},{"quantity":1,"create_time":1738297082151,"temp_id":1227,"option":[[73,0]]},{"quantity":1,"create_time":1738297293312,"temp_id":711,"option":[[50,30],[77,31],[103,31],[5,10],[160,30],[194,0]]},{"quantity":2,"create_time":1738297370197,"temp_id":1143,"option":[[73,0]]},{"quantity":1,"create_time":1738297386307,"temp_id":2045,"option":[[73,0]]},{"quantity":2,"create_time":1738297387993,"temp_id":2047,"option":[[73,0]]},{"quantity":1,"create_time":1738297388743,"temp_id":730,"option":[[50,1],[77,1],[103,1],[14,1],[5,60]]},{"quantity":1,"create_time":1738297389040,"temp_id":730,"option":[[50,1],[77,1],[103,1],[14,1],[5,43]]},{"quantity":1,"create_time":1738297389529,"temp_id":2049,"option":[[73,0]]},{"quantity":1,"create_time":1738297389870,"temp_id":2051,"option":[[73,0]]},{"quantity":1,"create_time":1738297390999,"temp_id":730,"option":[[50,1],[77,1],[103,1],[14,1],[5,64]]},{"quantity":1,"create_time":1738297294716,"temp_id":710,"option":[[50,33],[77,35],[103,35],[5,12],[101,100],[160,50],[195,0]]},{"quantity":1,"create_time":1738296638952,"temp_id":6,"option":[[48,1111111]]},{"quantity":1,"create_time":1738295517585,"temp_id":12,"option":[[14,1]]},{"quantity":1,"create_time":1738297511339,"temp_id":2133,"option":[[50,20],[77,20],[103,20]]},{"quantity":1,"create_time":1738297279645,"temp_id":1279,"option":[[50,22],[77,22],[103,22]]},{"quantity":1,"create_time":1738297286303,"temp_id":2155,"option":[[50,15],[77,15],[103,15]]},{"quantity":1,"create_time":1738297269145,"temp_id":2135,"option":[[50,22],[77,22],[103,22]]},{"quantity":87,"create_time":1738505195321,"temp_id":555,"option":[[73,0]]},{"quantity":87,"create_time":1738505200865,"temp_id":555,"option":[[73,0]]},{"quantity":86,"create_time":1738505219476,"temp_id":556,"option":[[73,0]]},{"quantity":86,"create_time":1738505224780,"temp_id":556,"option":[[73,0]]},{"quantity":89,"create_time":1738505242307,"temp_id":562,"option":[[73,0]]},{"quantity":89,"create_time":1738505245647,"temp_id":562,"option":[[73,0]]},{"quantity":87,"create_time":1738505249195,"temp_id":563,"option":[[73,0]]},{"quantity":87,"create_time":1738505251896,"temp_id":563,"option":[[73,0]]},{"quantity":89,"create_time":1738505255396,"temp_id":561,"option":[[73,0]]},{"quantity":90,"create_time":1738505261993,"temp_id":561,"option":[[73,0]]},{"quantity":9530,"create_time":1738505283580,"temp_id":674,"option":[[73,0]]},{"quantity":1,"create_time":1738296136422,"temp_id":0,"option":[[50,10000000]]},{"quantity":1,"create_time":1738506216435,"temp_id":6,"option":[[175,111111]]},{"quantity":1,"create_time":1738600097166,"temp_id":24,"option":[[0,7],[129,0],[141,100]]},{"quantity":1,"create_time":1738600125563,"temp_id":37,"option":[[0,14],[129,0],[141,100]]},{"quantity":1,"create_time":1738600185910,"temp_id":144,"option":[[0,55],[129,0],[141,100]]},{"quantity":1,"create_time":1738600242165,"temp_id":145,"option":[[0,110],[129,0],[141,100]]},{"quantity":1,"create_time":1738600273304,"temp_id":146,"option":[[0,220],[129,0],[141,100]]},{"quantity":1,"create_time":1738600300023,"temp_id":147,"option":[[0,530],[129,0],[141,100]]},{"quantity":1,"create_time":1738600325417,"temp_id":254,"option":[[0,680],[129,0],[141,100]]},{"quantity":1,"create_time":1738600352965,"temp_id":255,"option":[[0,1000],[129,0],[141,100]]},{"quantity":1,"create_time":1738600378771,"temp_id":256,"option":[[0,1500],[129,0],[141,100]]},{"quantity":1,"create_time":1738600406829,"temp_id":257,"option":[[0,2200],[129,0],[141,100]]},{"quantity":530,"create_time":1738635289535,"temp_id":1911,"option":[[73,0]]},{"quantity":1,"create_time":1738635361995,"temp_id":0,"option":[[47,2],[128,0],[140,0]]},{"quantity":1,"create_time":1738635369414,"temp_id":0,"option":[[47,2],[128,0],[140,0]]},{"quantity":1,"create_time":1738764085780,"temp_id":37,"option":[[0,14],[129,0],[141,100]]},{"quantity":1,"create_time":1738764137477,"temp_id":38,"option":[[0,28],[129,0],[141,100]]},{"quantity":1,"create_time":1738764301171,"temp_id":144,"option":[[0,55],[129,0],[141,100]]},{"quantity":1,"create_time":1738772008828,"temp_id":0,"option":[[47,2],[129,0],[141,100]]},{"quantity":1,"create_time":1738772014464,"temp_id":0,"option":[[47,2],[129,0],[141,100]]},{"quantity":1,"create_time":1738772020808,"temp_id":0,"option":[[47,2],[128,0],[140,0]]},{"quantity":1,"create_time":1738772057512,"temp_id":0,"option":[[47,2],[129,0],[141,100]]},{"quantity":1,"create_time":1738677842522,"temp_id":555,"option":[[50,999999]]},{"quantity":1,"create_time":1738772095933,"temp_id":6,"option":[[6,30],[128,0],[140,0]]},{"quantity":1,"create_time":1738772100965,"temp_id":6,"option":[[6,30],[128,0],[140,0]]},{"quantity":1,"create_time":1738772106196,"temp_id":6,"option":[[6,30],[128,0],[140,0]]},{"quantity":1,"create_time":1738772110761,"temp_id":6,"option":[[6,30],[129,0],[141,100]]},{"quantity":1,"create_time":1738678912703,"temp_id":6,"option":[[175,9999999]]},{"quantity":1,"create_time":1738677768492,"temp_id":257,"option":[[50,999999999]]},{"quantity":1,"create_time":1738772311204,"temp_id":27,"option":[[7,10],[128,0],[140,0]]},{"quantity":1,"create_time":1738772321261,"temp_id":27,"option":[[7,10],[129,0],[141,100]]},{"quantity":1,"create_time":1738772341921,"temp_id":12,"option":[[14,1],[129,0],[141,100]]},{"quantity":1,"create_time":1738772347235,"temp_id":12,"option":[[14,1],[128,0],[140,0]]},{"quantity":1,"create_time":1738772385970,"temp_id":12,"option":[[14,1],[128,0],[140,0]]},{"quantity":1,"create_time":1738772391066,"temp_id":12,"option":[[14,1],[129,0],[141,100]]},{"quantity":0,"create_time":0,"temp_id":-1,"option":[]},{"quantity":0,"create_time":0,"temp_id":-1,"option":[]},{"quantity":0,"create_time":0,"temp_id":-1,"option":[]},{"quantity":0,"create_time":0,"temp_id":-1,"option":[]},{"quantity":0,"create_time":0,"temp_id":-1,"option":[]},{"quantity":0,"create_time":0,"temp_id":-1,"option":[]},{"quantity":0,"create_time":0,"temp_id":-1,"option":[]}]', items_box = '[{"quantity":0,"create_time":0,"temp_id":-1,"option":[]},{"quantity":0,"create_time":0,"temp_id":-1,"option":[]},{"quantity":0,"create_time":0,"temp_id":-1,"option":[]},{"quantity":0,"create_time":0,"temp_id":-1,"option":[]},{"quantity":0,"create_time":0,"temp_id":-1,"option":[]},{"quantity":0,"create_time":0,"temp_id":-1,"option":[]},{"quantity":0,"create_time":0,"temp_id":-1,"option":[]},{"quantity":0,"create_time":0,"temp_id":-1,"option":[]},{"quantity":0,"create_time":0,"temp_id":-1,"option":[]},{"quantity":0,"create_time":0,"temp_id":-1,"option":[]},{"quantity":0,"create_time":0,"temp_id":-1,"option":[]},{"quantity":0,"create_time":0,"temp_id":-1,"option":[]},{"quantity":0,"create_time":0,"temp_id":-1,"option":[]},{"quantity":0,"create_time":0,"temp_id":-1,"option":[]},{"quantity":0,"create_time":0,"temp_id":-1,"option":[]},{"quantity":0,"create_time":0,"temp_id":-1,"option":[]},{"quantity":0,"create_time":0,"temp_id":-1,"option":[]},{"quantity":0,"create_time":0,"temp_id":-1,"option":[]},{"quantity":0,"create_time":0,"temp_id":-1,"option":[]},{"quantity":0,"create_time":0,"temp_id":-1,"option":[]}]', items_box_lucky_round = '[{"quantity":0,"create_time":0,"temp_id":-1,"option":[]},{"quantity":0,"create_time":0,"temp_id":-1,"option":[]},{"quantity":0,"create_time":0,"temp_id":-1,"option":[]},{"quantity":0,"create_time":0,"temp_id":-1,"option":[]},{"quantity":0,"create_time":0,"temp_id":-1,"option":[]},{"quantity":0,"create_time":0,"temp_id":-1,"option":[]},{"quantity":0,"create_time":0,"temp_id":-1,"option":[]},{"quantity":0,"create_time":0,"temp_id":-1,"option":[]},{"quantity":0,"create_time":0,"temp_id":-1,"option":[]},{"quantity":0,"create_time":0,"temp_id":-1,"option":[]},{"quantity":0,"create_time":0,"temp_id":-1,"option":[]},{"quantity":0,"create_time":0,"temp_id":-1,"option":[]},{"quantity":0,"create_time":0,"temp_id":-1,"option":[]},{"quantity":0,"create_time":0,"temp_id":-1,"option":[]},{"quantity":0,"create_time":0,"temp_id":-1,"option":[]},{"quantity":0,"create_time":0,"temp_id":-1,"option":[]},{"quantity":0,"create_time":0,"temp_id":-1,"option":[]},{"quantity":0,"create_time":0,"temp_id":-1,"option":[]},{"quantity":0,"create_time":0,"temp_id":-1,"option":[]},{"quantity":0,"create_time":0,"temp_id":-1,"option":[]},{"quantity":0,"create_time":0,"temp_id":-1,"option":[]},{"quantity":0,"create_time":0,"temp_id":-1,"option":[]},{"quantity":0,"create_time":0,"temp_id":-1,"option":[]},{"quantity":0,"create_time":0,"temp_id":-1,"option":[]},{"quantity":0,"create_time":0,"temp_id":-1,"option":[]},{"quantity":0,"create_time":0,"temp_id":-1,"option":[]},{"quantity":0,"create_time":0,"temp_id":-1,"option":[]},{"quantity":0,"create_time":0,"temp_id":-1,"option":[]},{"quantity":0,"create_time":0,"temp_id":-1,"option":[]},{"quantity":0,"create_time":0,"temp_id":-1,"option":[]},{"quantity":0,"create_time":0,"temp_id":-1,"option":[]},{"quantity":0,"create_time":0,"temp_id":-1,"option":[]},{"quantity":0,"create_time":0,"temp_id":-1,"option":[]},{"quantity":0,"create_time":0,"temp_id":-1,"option":[]},{"quantity":0,"create_time":0,"temp_id":-1,"option":[]},{"quantity":0,"create_time":0,"temp_id":-1,"option":[]},{"quantity":0,"create_time":0,"temp_id":-1,"option":[]},{"quantity":0,"create_time":0,"temp_id":-1,"option":[]},{"quantity":0,"create_time":0,"temp_id":-1,"option":[]},{"quantity":0,"create_time":0,"temp_id":-1,"option":[]},{"quantity":0,"create_time":0,"temp_id":-1,"option":[]},{"quantity":0,"create_time":0,"temp_id":-1,"option":[]},{"quantity":0,"create_time":0,"temp_id":-1,"option":[]},{"quantity":0,"create_time":0,"temp_id":-1,"option":[]},{"quantity":0,"create_time":0,"temp_id":-1,"option":[]},{"quantity":0,"create_time":0,"temp_id":-1,"option":[]},{"quantity":0,"create_time":0,"temp_id":-1,"option":[]},{"quantity":0,"create_time":0,"temp_id":-1,"option":[]},{"quantity":0,"create_time":0,"temp_id":-1,"option":[]},{"quantity":0,"create_time":0,"temp_id":-1,"option":[]},{"quantity":0,"create_time":0,"temp_id":-1,"option":[]},{"quantity":0,"create_time":0,"temp_id":-1,"option":[]},{"quantity":0,"create_time":0,"temp_id":-1,"option":[]},{"quantity":0,"create_time":0,"temp_id":-1,"option":[]},{"quantity":0,"create_time":0,"temp_id":-1,"option":[]},{"quantity":0,"create_time":0,"temp_id":-1,"option":[]},{"quantity":0,"create_time":0,"temp_id":-1,"option":[]},{"quantity":0,"create_time":0,"temp_id":-1,"option":[]},{"quantity":0,"create_time":0,"temp_id":-1,"option":[]},{"quantity":0,"create_time":0,"temp_id":-1,"option":[]},{"quantity":0,"create_time":0,"temp_id":-1,"option":[]},{"quantity":0,"create_time":0,"temp_id":-1,"option":[]},{"quantity":0,"create_time":0,"temp_id":-1,"option":[]},{"quantity":0,"create_time":0,"temp_id":-1,"option":[]},{"quantity":0,"create_time":0,"temp_id":-1,"option":[]},{"quantity":0,"create_time":0,"temp_id":-1,"option":[]},{"quantity":0,"create_time":0,"temp_id":-1,"option":[]},{"quantity":0,"create_time":0,"temp_id":-1,"option":[]},{"quantity":0,"create_time":0,"temp_id":-1,"option":[]},{"quantity":0,"create_time":0,"temp_id":-1,"option":[]},{"quantity":0,"create_time":0,"temp_id":-1,"option":[]},{"quantity":0,"create_time":0,"temp_id":-1,"option":[]},{"quantity":0,"create_time":0,"temp_id":-1,"option":[]},{"quantity":0,"create_time":0,"temp_id":-1,"option":[]},{"quantity":0,"create_time":0,"temp_id":-1,"option":[]},{"quantity":0,"create_time":0,"temp_id":-1,"option":[]},{"quantity":0,"create_time":0,"temp_id":-1,"option":[]},{"quantity":0,"create_time":0,"temp_id":-1,"option":[]},{"quantity":0,"create_time":0,"temp_id":-1,"option":[]},{"quantity":0,"create_time":0,"temp_id":-1,"option":[]},{"quantity":0,"create_time":0,"temp_id":-1,"option":[]},{"quantity":0,"create_time":0,"temp_id":-1,"option":[]},{"quantity":0,"create_time":0,"temp_id":-1,"option":[]},{"quantity":0,"create_time":0,"temp_id":-1,"option":[]},{"quantity":0,"create_time":0,"temp_id":-1,"option":[]},{"quantity":0,"create_time":0,"temp_id":-1,"option":[]},{"quantity":0,"create_time":0,"temp_id":-1,"option":[]},{"quantity":0,"create_time":0,"temp_id":-1,"option":[]},{"quantity":0,"create_time":0,"temp_id":-1,"option":[]},{"quantity":0,"create_time":0,"temp_id":-1,"option":[]},{"quantity":0,"create_time":0,"temp_id":-1,"option":[]},{"quantity":0,"create_time":0,"temp_id":-1,"option":[]},{"quantity":0,"create_time":0,"temp_id":-1,"option":[]},{"quantity":0,"create_time":0,"temp_id":-1,"option":[]},{"quantity":0,"create_time":0,"temp_id":-1,"option":[]},{"quantity":0,"create_time":0,"temp_id":-1,"option":[]},{"quantity":0,"create_time":0,"temp_id":-1,"option":[]},{"quantity":0,"create_time":0,"temp_id":-1,"option":[]},{"quantity":0,"create_time":0,"temp_id":-1,"option":[]},{"quantity":0,"create_time":0,"temp_id":-1,"option":[]},{"quantity":0,"create_time":0,"temp_id":-1,"option":[]},{"quantity":0,"create_time":0,"temp_id":-1,"option":[]},{"quantity":0,"create_time":0,"temp_id":-1,"option":[]},{"quantity":0,"create_time":0,"temp_id":-1,"option":[]},{"quantity":0,"create_time":0,"temp_id":-1,"option":[]},{"quantity":0,"create_time":0,"temp_id":-1,"option":[]},{"quantity":0,"create_time":0,"temp_id":-1,"option":[]},{"quantity":0,"create_time":0,"temp_id":-1,"option":[]},{"quantity":0,"create_time":0,"temp_id":-1,"option":[]},{"quantity":0,"create_time":0,"temp_id":-1,"option":[]}]', friends = '[]', enemies = '[]', data_intrinsic = '[4,54,0,0]', data_item_time = '[0,0,0,0,0,0,0,0,0,0,0,0,0,0,0]', data_task = '[0,24,3]', data_mabu_egg = '{}', data_charm = '[0,0,0,0,0,0,0,0,0,0,0]', skills = '[[0,1738679353639,1,0],[1,1738506727954,7,0],[6,0,0,0],[9,1738679243925,7,0],[10,1738507337942,7,0],[20,0,0,0],[22,0,0,0],[19,0,0,0],[24,0,0,0]]', skills_shortcut = '[0,-1,-1,-1,-1,-1,-1,-1,-1,-1]', pet_info = '{"gender":0,"is_mabu":1,"level":0,"name":"$Mabư mập","type_fusion":0,"left_fusion":1152029656,"status":3}', pet_power = 1532348, pet_point = '{"mp":1452,"max_stamina":1000,"mpg":1320,"critg":0,"limit_power":0,"stamina":1000,"hp":1364,"damg":88,"power":1532348,"defg":36,"hpg":1240,"tiem_nang":11049}', pet_body = '[{"quantity":0,"create_time":0,"temp_id":-1,"option":[]},{"quantity":0,"create_time":0,"temp_id":-1,"option":[]},{"quantity":0,"create_time":0,"temp_id":-1,"option":[]},{"quantity":0,"create_time":0,"temp_id":-1,"option":[]},{"quantity":0,"create_time":0,"temp_id":-1,"option":[]},{"quantity":0,"create_time":0,"temp_id":-1,"option":[]},{"quantity":0,"create_time":0,"temp_id":-1,"option":[]},{"quantity":0,"create_time":0,"temp_id":-1,"option":[]},{"quantity":0,"create_time":0,"temp_id":-1,"option":[]}]', pet_skill = '[[17,1],[-1,0],[-1,0],[-1,0],[-1,0]]', create_time = '2025-01-30 19:51:57', data_black_ball = '[[0,0],[0,0],[0,0],[0,0],[0,0],[0,0],[0,0]]', thoi_vang = 0, data_side_task = '[0,0,50,-1,0,0]', new_reg = 0, event_point = 0, `1sao` = 0, `2sao` = 0, `3sao` = 2, top = 0, collection_book = '[{"id":1,"amount":0,"level":0,"use":false},{"id":2,"amount":0,"level":0,"use":false},{"id":3,"amount":0,"level":0,"use":false},{"id":4,"amount":0,"level":0,"use":false},{"id":5,"amount":0,"level":0,"use":false},{"id":6,"amount":0,"level":0,"use":false},{"id":7,"amount":0,"level":0,"use":false},{"id":8,"amount":0,"level":0,"use":false},{"id":9,"amount":0,"level":0,"use":false},{"id":10,"amount":0,"level":0,"use":false},{"id":11,"amount":0,"level":0,"use":false},{"id":12,"amount":0,"level":0,"use":false},{"id":13,"amount":0,"level":0,"use":false},{"id":14,"amount":0,"level":0,"use":false},{"id":15,"amount":0,"level":0,"use":false},{"id":16,"amount":0,"level":0,"use":false},{"id":17,"amount":0,"level":0,"use":false},{"id":18,"amount":0,"level":0,"use":false}]', challenge = '[1,0,0]', firstTimeLogin = '2025-02-05 05:58:36', sk_tet = '[0,0,0,0,0]', buy_limit = '[0,0,0,0,0,0,0,0,0,0,0,0,0]', moc_nap = 0, achivements = '[{"receive":0,"count":0,"finish":0,"id":0},{"receive":0,"count":0,"finish":0,"id":1},{"receive":0,"count":0,"finish":0,"id":2},{"receive":0,"count":0,"finish":0,"id":3},{"receive":0,"count":329,"finish":0,"id":4},{"receive":0,"count":38,"finish":0,"id":5},{"receive":0,"count":0,"finish":0,"id":6},{"receive":0,"count":7,"finish":0,"id":7},{"receive":0,"count":0,"finish":0,"id":8},{"receive":0,"count":0,"finish":0,"id":9},{"receive":0,"count":0,"finish":0,"id":10},{"receive":0,"count":0,"finish":0,"id":11},{"receive":0,"count":0,"finish":0,"id":12},{"receive":0,"count":0,"finish":0,"id":13},{"receive":0,"count":0,"finish":0,"id":14},{"receive":0,"count":0,"finish":0,"id":15}]', reward_limit = '[0,0,0,0,0,0,0,0,0,0]', item_new_time = '[0,0,0,0,0,0,0,0,0,0,0,0,0,0]', data_bill_egg = '{}', data_egg_linhthu = '{}', time_may_do = '[0]', pointShiba = 0, diem_skien = 0, maintain = 0, zm = '[0,0]', lvpet = 0, data_tong_nap = '[0,0,0]', time_effect = '[0]' WHERE id = 13934;


UPDATE player SET id = 6457, account_id = 9855, name = 'zengaming', power = 153679543005, head = 64, gender = 0, have_tennis_space_ship = 1, clan_id_sv1 = 3121, clan_id_sv2 = -1, data_inventory = '[78381809922,8327120,37361569,1000000000000]', data_location = '[636,336,0]', data_point = '[0,1298778,64400,7,11,1000,1138387,10,208818187,1000,23311,153679543005,22420]', data_magic_tree = '[0,1729949279890,10,1736920935022,23]', items_body = '[{"quantity":1,"create_time":1731150408908,"temp_id":650,"option":[[47,1800],[249,0],[129,0],[141,150],[30,0],[107,9]]},{"quantity":0,"create_time":1729994327008,"temp_id":651,"option":[[6,99000],[141,150],[50,36],[102,9],[198,10],[107,9]]},{"quantity":1,"create_time":1729994327030,"temp_id":657,"option":[[0,22182],[141,150],[50,36],[102,9],[72,8],[107,9]]},{"quantity":0,"create_time":1729994327015,"temp_id":658,"option":[[7,115000],[141,150],[50,36],[102,9],[198,10],[107,9]]},{"quantity":0,"create_time":1729994260106,"temp_id":656,"option":[[14,16],[141,150],[50,36],[102,9],[198,10],[107,9]]},{"quantity":1,"create_time":1736791664431,"temp_id":1920,"option":[[73,0]]},{"quantity":1,"create_time":1731203434849,"temp_id":529,"option":[[0,2000000]]},{"quantity":1,"create_time":1734798542345,"temp_id":1936,"option":[[50,54],[77,59],[103,55],[5,10]]},{"quantity":0,"create_time":0,"temp_id":-1,"option":[]},{"quantity":0,"create_time":0,"temp_id":-1,"option":[]},{"quantity":1,"create_time":1734798643084,"temp_id":1934,"option":[[50,55],[77,61],[103,61]]},{"quantity":1,"create_time":1729995372419,"temp_id":2075,"option":[[50,30]]},{"quantity":0,"create_time":0,"temp_id":-1,"option":[]},{"quantity":-9,"create_time":1736790805273,"temp_id":1919,"option":[[50,70],[72,9]]},{"quantity":0,"create_time":0,"temp_id":-1,"option":[]}]', items_bag = '[{"quantity":1,"create_time":1729946695775,"temp_id":454,"option":[[73,1]]},{"quantity":1,"create_time":1729946695775,"temp_id":194,"option":[[73,1]]},{"quantity":1,"create_time":1729948995673,"temp_id":1228,"option":[[73,0]]},{"quantity":474,"create_time":1729950193581,"temp_id":457,"option":[[73,0]]},{"quantity":1,"create_time":1730727024055,"temp_id":0,"option":[[101,20000000],[30,0],[107,8]]},{"quantity":2,"create_time":1729995464341,"temp_id":2131,"option":[[50,40]]},{"quantity":10006,"create_time":1729996008198,"temp_id":935,"option":[[73,0]]},{"quantity":20,"create_time":1730093142880,"temp_id":2120,"option":[[50,4]]},{"quantity":5,"create_time":1730128359209,"temp_id":1989,"option":[[30,0]]},{"quantity":0,"create_time":1730727058800,"temp_id":6,"option":[[101,20000000],[163,15]]},{"quantity":0,"create_time":1730198120359,"temp_id":27,"option":[[101,20000],[72,1],[186,15]]},{"quantity":91,"create_time":1730203066539,"temp_id":1143,"option":[[73,0]]},{"quantity":1,"create_time":1729994495783,"temp_id":2097,"option":[[40,35],[43,20]]},{"quantity":5234,"create_time":1730359446082,"temp_id":667,"option":[[73,0]]},{"quantity":192,"create_time":1730197928561,"temp_id":17,"option":[[73,0]]},{"quantity":1,"create_time":1729950266928,"temp_id":2169,"option":[[9,0],[77,10]]},{"quantity":33,"create_time":1730719915930,"temp_id":16,"option":[[73,0]]},{"quantity":1,"create_time":1730000130678,"temp_id":448,"option":[[95,20],[96,20],[50,10],[101,30]]},{"quantity":4,"create_time":1730998431015,"temp_id":2177,"option":[[73,0]]},{"quantity":1,"create_time":1729994539410,"temp_id":827,"option":[[50,140],[77,110],[103,110],[14,20],[101,5000],[106,1],[21,60],[102,10],[107,10]]},{"quantity":1878,"create_time":1733327537267,"temp_id":1150,"option":[[73,0]]},{"quantity":96787,"create_time":1733591021385,"temp_id":1192,"option":[[73,0]]},{"quantity":1,"create_time":1733757823737,"temp_id":1051,"option":[[6,266200],[72,3]]},{"quantity":1000,"create_time":1733757919670,"temp_id":223,"option":[[73,0]]},{"quantity":1,"create_time":1733758778329,"temp_id":1051,"option":[[22,218],[253,15],[21,101],[72,3],[30,0]]},{"quantity":99,"create_time":1733855591462,"temp_id":1943,"option":[[73,0]]},{"quantity":158,"create_time":1733855646626,"temp_id":2119,"option":[[103,8]]},{"quantity":1,"create_time":1733855646924,"temp_id":2208,"option":[[50,20],[77,140],[103,140],[5,150],[107,10]]},{"quantity":98,"create_time":1734461085939,"temp_id":15,"option":[[73,0]]},{"quantity":98,"create_time":1734461085953,"temp_id":14,"option":[[73,0]]},{"quantity":49,"create_time":1734790543990,"temp_id":2118,"option":[[77,8]]},{"quantity":149,"create_time":1734849531623,"temp_id":1935,"option":[[73,0]]},{"quantity":1,"create_time":1734849731570,"temp_id":1936,"option":[[50,52],[77,58],[103,52],[243,15]]},{"quantity":1,"create_time":1734849822619,"temp_id":1934,"option":[[50,61],[77,63],[103,56]]},{"quantity":1,"create_time":1734850103777,"temp_id":1936,"option":[[50,51],[77,55],[103,57],[5,10]]},{"quantity":1,"create_time":1729994260091,"temp_id":651,"option":[[6,99000],[141,150],[50,36],[102,9],[107,9]]},{"quantity":0,"create_time":1729994260114,"temp_id":657,"option":[[0,22182],[141,150],[50,36],[102,9],[72,8],[198,10],[107,9]]},{"quantity":1,"create_time":1729994260099,"temp_id":658,"option":[[7,115000],[141,150],[50,36],[102,9],[107,9]]},{"quantity":1,"create_time":1729994327023,"temp_id":656,"option":[[14,16],[141,150],[50,36],[102,9],[107,9]]},{"quantity":1,"create_time":1730094977375,"temp_id":827,"option":[[50,140],[77,110],[103,110],[14,20],[101,5000],[106,1],[21,60],[102,10],[107,10]]},{"quantity":1,"create_time":1731156359871,"temp_id":529,"option":[[0,1000000],[30,0],[107,9]]},{"quantity":1,"create_time":1730135943150,"temp_id":966,"option":[[40,23]]},{"quantity":1,"create_time":1730998430996,"temp_id":1172,"option":[[40,40]]},{"quantity":2096024,"create_time":1735061030897,"temp_id":1288,"option":[[73,0]]},{"quantity":1,"create_time":1735235471052,"temp_id":1995,"option":[[73,0]]},{"quantity":1,"create_time":1731853706357,"temp_id":2185,"option":[[73,0]]},{"quantity":97,"create_time":1736789913162,"temp_id":753,"option":[[73,0]]},{"quantity":1,"create_time":1729994260081,"temp_id":650,"option":[[47,1850],[141,150],[50,36],[102,9],[107,9]]},{"quantity":1,"create_time":1732287757081,"temp_id":1277,"option":[[50,160],[77,115],[103,125],[101,3000],[42,22],[102,10],[107,10]]},{"quantity":-4,"create_time":1730998431078,"temp_id":1225,"option":[[40,50],[72,3],[165,6],[167,2],[166,2]]},{"quantity":1196,"create_time":1736924837734,"temp_id":1918,"option":[[73,0]]},{"quantity":1,"create_time":1736960318379,"temp_id":2151,"option":[[30,0]]},{"quantity":955,"create_time":1736960519884,"temp_id":1924,"option":[[73,0]]},{"quantity":13,"create_time":1736960569538,"temp_id":2182,"option":[[73,0]]},{"quantity":1,"create_time":1736960575356,"temp_id":1920,"option":[[147,30],[77,150],[103,150],[5,155],[245,10],[30,0],[107,10]]},{"quantity":52,"create_time":1736960582621,"temp_id":2181,"option":[[73,0]]},{"quantity":45,"create_time":1736960582995,"temp_id":2180,"option":[[73,0]]},{"quantity":1,"create_time":1736960593850,"temp_id":1920,"option":[[147,30],[77,150],[103,150],[5,155],[245,10],[30,0],[107,10]]},{"quantity":1,"create_time":1736960697790,"temp_id":1921,"option":[[50,10],[77,10],[103,10],[30,0]]},{"quantity":1,"create_time":1737032081972,"temp_id":1213,"option":[[50,22],[77,22],[103,22]]},{"quantity":1865,"create_time":1737032101672,"temp_id":1917,"option":[[73,0]]},{"quantity":-8,"create_time":1737032173724,"temp_id":2197,"option":[[50,20],[72,0],[166,8],[165,6],[167,2]]},{"quantity":901,"create_time":1737602179239,"temp_id":674,"option":[[73,0]]},{"quantity":1,"create_time":1738329026122,"temp_id":0,"option":[[175,20],[30,0],[107,9]]},{"quantity":1,"create_time":1738400140316,"temp_id":0,"option":[[249,1],[30,0],[107,6]]},{"quantity":1,"create_time":1738555630497,"temp_id":2110,"option":[[73,0]]},{"quantity":15,"create_time":1738604341195,"temp_id":1992,"option":[[73,0]]},{"quantity":1,"create_time":1730000042615,"temp_id":534,"option":[[0,600000]]},{"quantity":-6,"create_time":1735060639047,"temp_id":547,"option":[[73,0],[72,7]]},{"quantity":1,"create_time":1735924783499,"temp_id":897,"option":[[73,0]]},{"quantity":1,"create_time":1734798664472,"temp_id":1936,"option":[[50,58],[77,50],[103,58],[5,10]]},{"quantity":1,"create_time":1738773878555,"temp_id":0,"option":[[47,3],[127,0],[139,0],[30,0]]},{"quantity":1,"create_time":1738773878555,"temp_id":6,"option":[[6,191],[127,0],[139,0],[30,0]]},{"quantity":1,"create_time":1738773878555,"temp_id":21,"option":[[0,27],[127,0],[139,0],[30,0]]},{"quantity":1,"create_time":1738773878555,"temp_id":27,"option":[[7,11],[127,0],[139,0],[30,0]]},{"quantity":1,"create_time":1738773878555,"temp_id":12,"option":[[14,1],[127,0],[139,0],[30,0]]},{"quantity":0,"create_time":0,"temp_id":-1,"option":[]},{"quantity":0,"create_time":0,"temp_id":-1,"option":[]},{"quantity":0,"create_time":0,"temp_id":-1,"option":[]},{"quantity":0,"create_time":0,"temp_id":-1,"option":[]}]', items_box = '[{"quantity":21,"create_time":1730361096486,"temp_id":925,"option":[[73,0]]},{"quantity":22,"create_time":1730361096486,"temp_id":927,"option":[[73,0]]},{"quantity":22,"create_time":1730361096486,"temp_id":926,"option":[[73,0]]},{"quantity":21,"create_time":1730361096486,"temp_id":929,"option":[[73,0]]},{"quantity":22,"create_time":1730361096486,"temp_id":931,"option":[[73,0]]},{"quantity":0,"create_time":0,"temp_id":-1,"option":[]},{"quantity":0,"create_time":0,"temp_id":-1,"option":[]},{"quantity":1,"create_time":1731150408908,"temp_id":657,"option":[[0,9000],[249,0],[129,0],[141,100],[30,0],[107,9]]},{"quantity":1,"create_time":1731150408908,"temp_id":651,"option":[[6,90000],[249,0],[129,0],[141,115],[30,0],[107,9]]},{"quantity":1,"create_time":1731150408908,"temp_id":658,"option":[[7,100000],[249,0],[129,0],[141,100],[30,0],[107,9]]},{"quantity":1,"create_time":1731150408908,"temp_id":656,"option":[[14,16],[249,0],[129,0],[141,100],[30,0],[107,9]]},{"quantity":1,"create_time":1731205528590,"temp_id":529,"option":[[101,30000000]]},{"quantity":1,"create_time":1730726997294,"temp_id":12,"option":[[101,10000000]]},{"quantity":21,"create_time":1731672866654,"temp_id":2013,"option":[[73,0]]},{"quantity":1,"create_time":1731000378028,"temp_id":2097,"option":[[40,50]]},{"quantity":1,"create_time":1731896588170,"temp_id":1957,"option":[[50,1],[77,73],[103,85],[5,128]]},{"quantity":37,"create_time":1731896770850,"temp_id":2184,"option":[[73,0]]},{"quantity":8227,"create_time":1731897586365,"temp_id":674,"option":[[73,0]]},{"quantity":2692010,"create_time":1732204090168,"temp_id":1288,"option":[[73,0]]},{"quantity":0,"create_time":0,"temp_id":-1,"option":[]}]', items_box_lucky_round = '[{"quantity":1,"create_time":1738773720325,"temp_id":444,"option":[[73,5]]},{"quantity":15000,"create_time":1738773720325,"temp_id":189,"option":[]},{"quantity":6000,"create_time":1738773720325,"temp_id":189,"option":[]},{"quantity":23000,"create_time":1738773720325,"temp_id":189,"option":[]},{"quantity":1,"create_time":1738773720325,"temp_id":446,"option":[[100,5]]},{"quantity":1,"create_time":1738773720325,"temp_id":224,"option":[]},{"quantity":1,"create_time":1738773720325,"temp_id":224,"option":[]},{"quantity":1,"create_time":1738773720325,"temp_id":446,"option":[[100,5]]},{"quantity":23000,"create_time":1738773720325,"temp_id":189,"option":[]},{"quantity":36000,"create_time":1738773720325,"temp_id":189,"option":[]},{"quantity":1,"create_time":1738773720325,"temp_id":1152,"option":[]},{"quantity":1,"create_time":1738773720325,"temp_id":2047,"option":[]},{"quantity":1,"create_time":1738773720325,"temp_id":2047,"option":[]},{"quantity":1,"create_time":1738773720325,"temp_id":223,"option":[]},{"quantity":1,"create_time":1738773720325,"temp_id":1152,"option":[]},{"quantity":1,"create_time":1738773720325,"temp_id":17,"option":[]},{"quantity":21000,"create_time":1738773720325,"temp_id":189,"option":[]},{"quantity":32000,"create_time":1738773720325,"temp_id":189,"option":[]},{"quantity":10000,"create_time":1738773720325,"temp_id":189,"option":[]},{"quantity":47000,"create_time":1738773720325,"temp_id":189,"option":[]},{"quantity":1,"create_time":1738773720325,"temp_id":2050,"option":[]},{"quantity":1,"create_time":1738773720325,"temp_id":441,"option":[[95,5]]},{"quantity":1,"create_time":1738773720325,"temp_id":224,"option":[]},{"quantity":1,"create_time":1738773720325,"temp_id":1152,"option":[]},{"quantity":6000,"create_time":1738773720325,"temp_id":189,"option":[]},{"quantity":1,"create_time":1738773720325,"temp_id":224,"option":[]},{"quantity":1,"create_time":1738773720325,"temp_id":444,"option":[[73,5]]},{"quantity":1,"create_time":1738773720325,"temp_id":220,"option":[]},{"quantity":1,"create_time":1738773720325,"temp_id":222,"option":[]},{"quantity":1,"create_time":1738773720325,"temp_id":1152,"option":[]},{"quantity":45000,"create_time":1738773720325,"temp_id":189,"option":[]},{"quantity":1,"create_time":1738773720325,"temp_id":220,"option":[]},{"quantity":1,"create_time":1738773720325,"temp_id":2047,"option":[]},{"quantity":41000,"create_time":1738773720325,"temp_id":189,"option":[]},{"quantity":1,"create_time":1738773720325,"temp_id":447,"option":[[101,5]]},{"quantity":1,"create_time":1738773720325,"temp_id":2045,"option":[]},{"quantity":1,"create_time":1738773720325,"temp_id":446,"option":[[100,5]]},{"quantity":15000,"create_time":1738773720325,"temp_id":189,"option":[]},{"quantity":13000,"create_time":1738773720325,"temp_id":189,"option":[]},{"quantity":1,"create_time":1738773720325,"temp_id":444,"option":[[73,5]]},{"quantity":42000,"create_time":1738773720325,"temp_id":189,"option":[]},{"quantity":1,"create_time":1738773720325,"temp_id":20,"option":[]},{"quantity":1,"create_time":1738773720325,"temp_id":445,"option":[[73,5]]},{"quantity":1,"create_time":1738773720325,"temp_id":441,"option":[[95,5]]},{"quantity":1,"create_time":1738773720325,"temp_id":441,"option":[[95,5]]},{"quantity":36000,"create_time":1738773720325,"temp_id":189,"option":[]},{"quantity":34000,"create_time":1738773720325,"temp_id":189,"option":[]},{"quantity":1,"create_time":1738773720325,"temp_id":444,"option":[[73,5]]},{"quantity":1,"create_time":1738773720325,"temp_id":17,"option":[]},{"quantity":39000,"create_time":1738773720325,"temp_id":189,"option":[]},{"quantity":45000,"create_time":1738773720325,"temp_id":189,"option":[]},{"quantity":45000,"create_time":1738773720325,"temp_id":189,"option":[]},{"quantity":1,"create_time":1738773720325,"temp_id":16,"option":[]},{"quantity":1,"create_time":1738773720325,"temp_id":2048,"option":[]},{"quantity":1,"create_time":1738773720325,"temp_id":18,"option":[]},{"quantity":1,"create_time":1738773720325,"temp_id":1152,"option":[]},{"quantity":1,"create_time":1738773720325,"temp_id":2050,"option":[]},{"quantity":1,"create_time":1738773720325,"temp_id":447,"option":[[101,5]]},{"quantity":24000,"create_time":1738773720325,"temp_id":189,"option":[]},{"quantity":1,"create_time":1738773720325,"temp_id":223,"option":[]},{"quantity":1,"create_time":1738773720325,"temp_id":221,"option":[]},{"quantity":1,"create_time":1738773720325,"temp_id":1153,"option":[]},{"quantity":47000,"create_time":1738773720325,"temp_id":189,"option":[]},{"quantity":18000,"create_time":1738773720325,"temp_id":189,"option":[]},{"quantity":1,"create_time":1738773720325,"temp_id":1153,"option":[]},{"quantity":1,"create_time":1738773720325,"temp_id":1152,"option":[]},{"quantity":50000,"create_time":1738773720325,"temp_id":189,"option":[]},{"quantity":1,"create_time":1738773720325,"temp_id":223,"option":[]},{"quantity":29000,"create_time":1738773720325,"temp_id":189,"option":[]},{"quantity":20000,"create_time":1738773720325,"temp_id":189,"option":[]},{"quantity":31000,"create_time":1738773720325,"temp_id":189,"option":[]},{"quantity":1,"create_time":1738773720325,"temp_id":221,"option":[]},{"quantity":1,"create_time":1738773720325,"temp_id":2050,"option":[]},{"quantity":1,"create_time":1738773720325,"temp_id":445,"option":[[73,5]]},{"quantity":1,"create_time":1738773720325,"temp_id":445,"option":[[73,5]]},{"quantity":1,"create_time":1738773720325,"temp_id":444,"option":[[73,5]]},{"quantity":1,"create_time":1738773720325,"temp_id":2049,"option":[]},{"quantity":17000,"create_time":1738773720325,"temp_id":189,"option":[]},{"quantity":1,"create_time":1738773720325,"temp_id":1152,"option":[]},{"quantity":1,"create_time":1738773720325,"temp_id":2048,"option":[]},{"quantity":1,"create_time":1738773720325,"temp_id":220,"option":[]},{"quantity":25000,"create_time":1738773720325,"temp_id":189,"option":[]},{"quantity":30000,"create_time":1738773720325,"temp_id":189,"option":[]},{"quantity":1,"create_time":1738773720325,"temp_id":2048,"option":[]},{"quantity":1,"create_time":1738773720325,"temp_id":2048,"option":[]},{"quantity":5000,"create_time":1738773720325,"temp_id":189,"option":[]},{"quantity":22000,"create_time":1738773720325,"temp_id":189,"option":[]},{"quantity":1,"create_time":1738773720325,"temp_id":19,"option":[]},{"quantity":47000,"create_time":1738773720325,"temp_id":189,"option":[]},{"quantity":15000,"create_time":1738773720325,"temp_id":189,"option":[]},{"quantity":1,"create_time":1738773720325,"temp_id":1152,"option":[]},{"quantity":1,"create_time":1738773720325,"temp_id":2051,"option":[]},{"quantity":1,"create_time":1738773720325,"temp_id":221,"option":[]},{"quantity":43000,"create_time":1738773720325,"temp_id":189,"option":[]},{"quantity":1,"create_time":1738773720325,"temp_id":2050,"option":[]},{"quantity":1,"create_time":1738773720325,"temp_id":1151,"option":[]},{"quantity":28000,"create_time":1738773720325,"temp_id":189,"option":[]},{"quantity":1,"create_time":1738773720325,"temp_id":221,"option":[]},{"quantity":16000,"create_time":1738773720325,"temp_id":189,"option":[]},{"quantity":16000,"create_time":1738773720325,"temp_id":189,"option":[]},{"quantity":1,"create_time":1738773720325,"temp_id":443,"option":[[97,5]]},{"quantity":0,"create_time":0,"temp_id":-1,"option":[]},{"quantity":0,"create_time":0,"temp_id":-1,"option":[]},{"quantity":0,"create_time":0,"temp_id":-1,"option":[]},{"quantity":0,"create_time":0,"temp_id":-1,"option":[]},{"quantity":0,"create_time":0,"temp_id":-1,"option":[]},{"quantity":0,"create_time":0,"temp_id":-1,"option":[]},{"quantity":0,"create_time":0,"temp_id":-1,"option":[]},{"quantity":0,"create_time":0,"temp_id":-1,"option":[]},{"quantity":0,"create_time":0,"temp_id":-1,"option":[]}]', friends = '[{"head":383,"name":"anhocdz","bag":77,"id":6725,"power":82395332079,"body":384,"leg":385},{"head":1443,"name":"[TOP1] XD [Lì Em]","bag":88,"id":25,"power":196796999089,"body":1444,"leg":1445},{"head":1443,"name":"kakarot","bag":83,"id":551,"power":225917764628,"body":1444,"leg":1445},{"head":1440,"name":"babyturle","bag":84,"id":101,"power":144246353177,"body":1441,"leg":1442},{"head":1440,"name":"kame201","bag":80,"id":3419,"power":259922146850,"body":1441,"leg":1442},{"head":198,"name":"wukongsss","bag":85,"id":3130,"power":152530320057,"body":193,"leg":194},{"head":1500,"name":"fakerr","bag":80,"id":1358,"power":260000199562,"body":1501,"leg":1502},{"head":1440,"name":"Thợ Săn Zeno","bag":86,"id":1240,"power":154854676535,"body":1441,"leg":1442},{"head":1443,"name":"trumnrohat","bag":80,"id":669,"power":259925235510,"body":1444,"leg":1445},{"head":377,"name":"octieuu","bag":84,"id":11012,"power":105022851587,"body":378,"leg":379}]', enemies = '[]', data_intrinsic = '[6,200,0,0]', data_item_time = '[0,0,0,0,0,0,6328,0,0,0,0,0,0,0,0]', data_task = '[0,25,1]', data_mabu_egg = '{"create_time":1730095545129,"time_done":864000000}', data_charm = '[1732587898167,1732587898746,1732587899284,1732587899918,1732587900514,1732587912182,1732587901650,1732587915383,0,1732587905635,0]', skills = '[[0,1738664113117,7,0],[1,1738606146398,7,0],[6,1736925171241,7,0],[9,1736791445112,7,0],[10,1736791310336,7,0],[20,1738606145840,7,0],[22,1736925177933,7,0],[19,0,7,0],[24,1735565516699,1,240]]', skills_shortcut = '[0,1,6,9,10,19,20,22,24,-1]', pet_info = '{"gender":0,"is_mabu":13,"level":7,"name":"$Hit","type_fusion":12,"left_fusion":222598206,"status":4}', pet_power = 100003007313, pet_point = '{"mp":659910,"max_stamina":1000,"mpg":599920,"critg":0,"limit_power":10,"stamina":1000,"hp":660000,"damg":22997,"power":100003007313,"defg":32,"hpg":600000,"tiem_nang":55503226414}', pet_body = '[{"quantity":0,"create_time":0,"temp_id":-1,"option":[]},{"quantity":0,"create_time":0,"temp_id":-1,"option":[]},{"quantity":0,"create_time":0,"temp_id":-1,"option":[]},{"quantity":0,"create_time":0,"temp_id":-1,"option":[]},{"quantity":0,"create_time":0,"temp_id":-1,"option":[]},{"quantity":0,"create_time":0,"temp_id":-1,"option":[]},{"quantity":0,"create_time":0,"temp_id":-1,"option":[]},{"quantity":0,"create_time":0,"temp_id":-1,"option":[]},{"quantity":0,"create_time":0,"temp_id":-1,"option":[]}]', pet_skill = '[[4,1],[5,1],[8,1],[12,1],[24,1]]', create_time = '2024-10-26 19:44:55', data_black_ball = '[[1734349139199,0],[1735040391651,0],[0,0],[1733399846833,0],[1732275750890,0],[1732275721651,0],[1733398992235,0]]', thoi_vang = 474, data_side_task = '[0,0,50,-1,0,0]', new_reg = 0, event_point = 0, `1sao` = 98, `2sao` = 98, `3sao` = 33, top = 0, collection_book = '[{"id":1,"amount":0,"level":0,"use":false},{"id":2,"amount":0,"level":0,"use":false},{"id":3,"amount":0,"level":0,"use":false},{"id":4,"amount":0,"level":0,"use":false},{"id":5,"amount":0,"level":0,"use":false},{"id":6,"amount":0,"level":0,"use":false},{"id":7,"amount":0,"level":0,"use":false},{"id":8,"amount":0,"level":0,"use":false},{"id":9,"amount":0,"level":0,"use":false},{"id":10,"amount":0,"level":0,"use":false},{"id":11,"amount":0,"level":0,"use":false},{"id":12,"amount":0,"level":0,"use":false},{"id":13,"amount":0,"level":0,"use":false},{"id":14,"amount":0,"level":0,"use":false},{"id":15,"amount":0,"level":0,"use":false},{"id":16,"amount":0,"level":0,"use":false},{"id":17,"amount":0,"level":0,"use":false},{"id":18,"amount":0,"level":0,"use":false}]', challenge = '[1,0,0]', firstTimeLogin = '2025-02-05 08:36:33', sk_tet = '[0,0,0,0,0]', buy_limit = '[0,0,0,0,0,0,0,0,0,0,0,0,0]', moc_nap = 0, achivements = '[{"receive":0,"count":0,"finish":0,"id":0},{"receive":0,"count":0,"finish":0,"id":1},{"receive":0,"count":0,"finish":0,"id":2},{"receive":0,"count":3,"finish":0,"id":3},{"receive":0,"count":65029,"finish":0,"id":4},{"receive":0,"count":640,"finish":0,"id":5},{"receive":0,"count":10,"finish":0,"id":6},{"receive":0,"count":183,"finish":0,"id":7},{"receive":0,"count":0,"finish":0,"id":8},{"receive":0,"count":0,"finish":0,"id":9},{"receive":0,"count":58,"finish":0,"id":10},{"receive":0,"count":0,"finish":0,"id":11},{"receive":0,"count":0,"finish":0,"id":12},{"receive":0,"count":0,"finish":0,"id":13},{"receive":0,"count":106,"finish":0,"id":14},{"receive":0,"count":0,"finish":0,"id":15}]', reward_limit = '[0,0,0,0,0,0,0,0,0,0]', item_new_time = '[0,0,0,0,0,0,0,0,0,0,0,0,0,0]', data_bill_egg = '{"create_time":1731152547356,"time_done":0}', data_egg_linhthu = '{}', time_may_do = '[0]', pointShiba = 0, diem_skien = 0, maintain = 0, zm = '[0,0]', lvpet = 7, data_tong_nap = '[0,0,0]', time_effect = '[1735565655120]' WHERE id = 6457;


SELECT * FROM account a WHERE a.username = 'miumiutd';
SELECT * FROM player p WHERE p.account_id = 18130;

SELECT * FROM item_template it WHERE name like '%cell mini%';
SELECT * FROM item_template it WHERE name like '%thần linh%';
SELECT * FROM item_template it where it.id IN (2118, 2119, 2120);
SELECT * FROM map_template mt WHERE mt.NAME like '%thần điện%';

SELECT * FROM item_option_template iot where ID IN (5, 77, 103, 50, 107, 187, 30, 161, 245);
SELECT * FROM item_option_template iot WHERE iot.NAME like '%rồng%';
SELECT * FROM item_template it ORDER BY it.id DESC;
SELECT * FROM map_template mt WHERE ID IN (161, 162, 163);

SELECT * FROM mob_reward mr ORDER BY mr.id DESC;
SELECT * FROM mob_reward_map mrm ORDER BY mrm.id DESC;
SELECT * FROM mob_reward mr WHERE mr.mob_id IN (66, 67, 68, 69);
SELECT * FROM mob_reward_map mrm WHERE mrm.map_id >= 105 AND mrm.map_id <= 110;


SELECT * FROM item_option_template iot WHERE iot.NAME like '%giáp+#%';
SELECT * FROM item_option_template iot WHERE iot.NAME like '%HP+#%';
SELECT * FROM item_option_template iot WHERE iot.NAME like '%HP/%';
SELECT * FROM item_option_template iot WHERE iot.NAME like '%tấn công+#%';
SELECT * FROM item_option_template iot WHERE iot.NAME like '%KI+#%';
SELECT * FROM item_option_template iot WHERE iot.NAME like '%KI/30s%';
SELECT * FROM item_option_template iot WHERE iot.NAME like '%chí mạng+#%%';

SELECT * from item_option_template iot WHERE iot.id  = 144;

SELECT * from item_option_template iot WHERE iot.id IN (5, 77, 103, 50, 107, 106, 30, 161);


-- map nhs
SELECT * FROM map_template mt WHERE ID >= 122 AND ID <= 124;
-- map cold
SELECT id, mt.mobs, mt.* FROM map_template mt WHERE ID >= 105 AND ID <= 110;

SELECT * FROM player WHERE name like '%thợ săn%';
SELECT * FROM account a WHERE a.id = 3928;


SELECT * FROM player WHERE name like '%daxanhle%';
SELECT * FROM account a WHERE a.id = 4652;



SELECT data_task, p.* FROM player p WHERE name like '%cucarot%';
SELECT * FROM account a WHERE a.id = 3523;



UPDATE player SET account_id = 18131, name = 'testtt', power = 55679239649676, head = 29, gender = 1, have_tennis_space_ship = 1, clan_id_sv1 = 7236, clan_id_sv2 = -1, data_inventory = '[187720424000,539545,1591620,1000000000000]', data_location = '[1559,96,0]', data_point = '[0,35638,10200,0,9,1000,842551,0,55663217482180,1000,20000,55679239649676,111220]', data_magic_tree = '[0,1738311923672,1,1738312257944,5]', items_body = '[{"quantity":1,"create_time":1738657403730,"temp_id":1,"option":[[175,111111111]]},{"quantity":1,"create_time":1738674883730,"temp_id":1052,"option":[[22,145],[131,0],[143,0],[21,100],[30,0]]},{"quantity":1,"create_time":1738634599238,"temp_id":261,"option":[[50,11111111]]},{"quantity":1,"create_time":1738634682349,"temp_id":28,"option":[[52,111111111]]},{"quantity":84,"create_time":1738329643201,"temp_id":561,"option":[[50,1]]},{"quantity":1,"create_time":1738675408095,"temp_id":1964,"option":[[10,111]]},{"quantity":0,"create_time":0,"temp_id":-1,"option":[]},{"quantity":1,"create_time":1738672081653,"temp_id":1129,"option":[[50,999]]},{"quantity":1,"create_time":1738674094820,"temp_id":2121,"option":[[50,17],[77,12],[103,19],[101,17],[43,15]]},{"quantity":1,"create_time":1738673557254,"temp_id":1949,"option":[[31,111]]},{"quantity":1,"create_time":1738673873793,"temp_id":1952,"option":[[27,111]]},{"quantity":0,"create_time":0,"temp_id":-1,"option":[]},{"quantity":0,"create_time":0,"temp_id":-1,"option":[]},{"quantity":1,"create_time":1738672505510,"temp_id":1919,"option":[[50,11]]},{"quantity":1,"create_time":1738672885334,"temp_id":1922,"option":[[40,111]]}]', items_bag = '[{"quantity":1,"create_time":1738311923672,"temp_id":454,"option":[[73,1]]},{"quantity":1,"create_time":1738311923672,"temp_id":194,"option":[[73,1]]},{"quantity":8970000,"create_time":1738312971891,"temp_id":1288,"option":[[0,0]]},{"quantity":997970,"create_time":1738328575590,"temp_id":674,"option":[[73,0]]},{"quantity":1,"create_time":1738595076148,"temp_id":1,"option":[[47,2],[132,0],[144,100]]},{"quantity":1,"create_time":1738595053910,"temp_id":7,"option":[[6,20],[132,0],[144,100]]},{"quantity":1,"create_time":1738634759805,"temp_id":28,"option":[[48,99999999]]},{"quantity":1,"create_time":1738595169643,"temp_id":12,"option":[[14,1],[132,0],[144,100]]},{"quantity":88,"create_time":1738509206597,"temp_id":557,"option":[[73,0]]},{"quantity":90,"create_time":1738509215807,"temp_id":558,"option":[[73,0]]},{"quantity":88,"create_time":1738509230797,"temp_id":564,"option":[[73,0]]},{"quantity":88,"create_time":1738509235039,"temp_id":565,"option":[[73,0]]},{"quantity":92,"create_time":1738509238968,"temp_id":561,"option":[[73,0]]},{"quantity":2,"create_time":1738657023482,"temp_id":16,"option":[[73,0]]},{"quantity":1,"create_time":1738634408273,"temp_id":261,"option":[[50,1111111]]},{"quantity":1,"create_time":1738634341000,"temp_id":1,"option":[[175,111111]]},{"quantity":1,"create_time":1738657480781,"temp_id":195,"option":[[73,0]]},{"quantity":1,"create_time":1738669819104,"temp_id":2177,"option":[[1,1]]},{"quantity":1,"create_time":1738671081812,"temp_id":1925,"option":[[50,1]]},{"quantity":1,"create_time":1738671355993,"temp_id":2200,"option":[[11,1]]},{"quantity":1,"create_time":1738671442553,"temp_id":1179,"option":[[1,1]]},{"quantity":1,"create_time":1738671495738,"temp_id":2090,"option":[[1,1]]},{"quantity":1,"create_time":1738671614717,"temp_id":1180,"option":[[1,1]]},{"quantity":1,"create_time":1738671642329,"temp_id":1191,"option":[[1,1]]},{"quantity":1,"create_time":1738671686281,"temp_id":2036,"option":[[73,0]]},{"quantity":1,"create_time":1738496096138,"temp_id":450,"option":[[106,0]]},{"quantity":1,"create_time":1738672602803,"temp_id":1915,"option":[[50,99]]},{"quantity":1,"create_time":1738672191468,"temp_id":1260,"option":[[48,11]]},{"quantity":1,"create_time":1738672224839,"temp_id":1161,"option":[[47,2222]]},{"quantity":1,"create_time":1738672553581,"temp_id":1916,"option":[[50,11]]},{"quantity":1,"create_time":1738671907036,"temp_id":1235,"option":[[50,999]]},{"quantity":1,"create_time":1738673234149,"temp_id":1945,"option":[[36,111]]},{"quantity":1,"create_time":1738673344556,"temp_id":1947,"option":[[34,111]]},{"quantity":1,"create_time":1738673472153,"temp_id":1948,"option":[[32,111]]},{"quantity":1,"create_time":1738673682481,"temp_id":1950,"option":[[29,111]]},{"quantity":1,"create_time":1738674274889,"temp_id":1954,"option":[[23,111]]},{"quantity":1,"create_time":1738674315425,"temp_id":1955,"option":[[22,111]]},{"quantity":1,"create_time":1738674349591,"temp_id":1956,"option":[[21,111]]},{"quantity":1,"create_time":1738673073225,"temp_id":1941,"option":[[39,111]]},{"quantity":1,"create_time":1738674532854,"temp_id":1958,"option":[[18,111]]},{"quantity":6,"create_time":1738675062863,"temp_id":1961,"option":[[1,1]]},{"quantity":1,"create_time":1738674402367,"temp_id":1957,"option":[[20,111]]},{"quantity":1,"create_time":1738675374415,"temp_id":1963,"option":[[11,111]]},{"quantity":1,"create_time":1738676532833,"temp_id":1966,"option":[[7,111]]},{"quantity":0,"create_time":0,"temp_id":-1,"option":[]},{"quantity":0,"create_time":0,"temp_id":-1,"option":[]},{"quantity":0,"create_time":0,"temp_id":-1,"option":[]},{"quantity":0,"create_time":0,"temp_id":-1,"option":[]},{"quantity":0,"create_time":0,"temp_id":-1,"option":[]},{"quantity":0,"create_time":0,"temp_id":-1,"option":[]},{"quantity":0,"create_time":0,"temp_id":-1,"option":[]},{"quantity":0,"create_time":0,"temp_id":-1,"option":[]},{"quantity":0,"create_time":0,"temp_id":-1,"option":[]},{"quantity":0,"create_time":0,"temp_id":-1,"option":[]},{"quantity":0,"create_time":0,"temp_id":-1,"option":[]},{"quantity":0,"create_time":0,"temp_id":-1,"option":[]},{"quantity":0,"create_time":0,"temp_id":-1,"option":[]},{"quantity":0,"create_time":0,"temp_id":-1,"option":[]},{"quantity":0,"create_time":0,"temp_id":-1,"option":[]},{"quantity":0,"create_time":0,"temp_id":-1,"option":[]},{"quantity":0,"create_time":0,"temp_id":-1,"option":[]},{"quantity":0,"create_time":0,"temp_id":-1,"option":[]},{"quantity":0,"create_time":0,"temp_id":-1,"option":[]},{"quantity":0,"create_time":0,"temp_id":-1,"option":[]},{"quantity":0,"create_time":0,"temp_id":-1,"option":[]},{"quantity":0,"create_time":0,"temp_id":-1,"option":[]},{"quantity":0,"create_time":0,"temp_id":-1,"option":[]},{"quantity":0,"create_time":0,"temp_id":-1,"option":[]},{"quantity":0,"create_time":0,"temp_id":-1,"option":[]},{"quantity":0,"create_time":0,"temp_id":-1,"option":[]},{"quantity":0,"create_time":0,"temp_id":-1,"option":[]},{"quantity":0,"create_time":0,"temp_id":-1,"option":[]},{"quantity":0,"create_time":0,"temp_id":-1,"option":[]},{"quantity":0,"create_time":0,"temp_id":-1,"option":[]},{"quantity":0,"create_time":0,"temp_id":-1,"option":[]},{"quantity":0,"create_time":0,"temp_id":-1,"option":[]},{"quantity":0,"create_time":0,"temp_id":-1,"option":[]},{"quantity":0,"create_time":0,"temp_id":-1,"option":[]},{"quantity":0,"create_time":0,"temp_id":-1,"option":[]},{"quantity":0,"create_time":0,"temp_id":-1,"option":[]}]', items_box = '[{"quantity":1,"create_time":1738598832313,"temp_id":47,"option":[[7,30],[28,6],[130,0],[142,100]]},{"quantity":1,"create_time":1738598895387,"temp_id":31,"option":[[7,150],[28,30],[130,0],[142,100]]},{"quantity":1,"create_time":1738598928228,"temp_id":48,"option":[[7,300],[28,60],[130,0],[142,100]]},{"quantity":1,"create_time":1738598972197,"temp_id":164,"option":[[7,600],[28,120],[130,0],[142,100]]},{"quantity":1,"create_time":1738599004145,"temp_id":165,"option":[[7,1500],[28,300],[130,0],[142,100]]},{"quantity":1,"create_time":1738599031889,"temp_id":166,"option":[[7,3000],[28,600],[130,0],[142,100]]},{"quantity":1,"create_time":1738599056362,"temp_id":167,"option":[[7,6000],[28,1200],[130,0],[142,100]]},{"quantity":1,"create_time":1738599079307,"temp_id":270,"option":[[7,10000],[28,1700],[130,0],[142,100]]},{"quantity":1,"create_time":1738599105411,"temp_id":271,"option":[[7,15000],[28,2200],[130,0],[142,100]]},{"quantity":1,"create_time":1738599136005,"temp_id":272,"option":[[7,20000],[28,2700],[130,0],[142,100]]},{"quantity":1,"create_time":1738599163948,"temp_id":273,"option":[[7,25000],[28,3200],[130,0],[142,100]]},{"quantity":1,"create_time":1738599314756,"temp_id":45,"option":[[0,24],[130,0],[142,100]]},{"quantity":1,"create_time":1738599346007,"temp_id":160,"option":[[0,50],[130,0],[142,100]]},{"quantity":1,"create_time":1738599377938,"temp_id":161,"option":[[0,100],[130,0],[142,100]]},{"quantity":1,"create_time":1738599428760,"temp_id":163,"option":[[0,500],[130,0],[142,100]]},{"quantity":1,"create_time":1738599468637,"temp_id":258,"option":[[0,630],[130,0],[142,100]]},{"quantity":1,"create_time":1738599495831,"temp_id":259,"option":[[0,950],[130,0],[142,100]]},{"quantity":1,"create_time":1738599530070,"temp_id":260,"option":[[0,1450],[130,0],[142,100]]},{"quantity":1,"create_time":1738599560412,"temp_id":261,"option":[[0,2150],[130,0],[142,100]]},{"quantity":1,"create_time":1738635066618,"temp_id":557,"option":[[50,99999999]]},{"quantity":1,"create_time":1738595110711,"temp_id":22,"option":[[0,3],[132,0],[144,100]]},{"quantity":83,"create_time":1738329576189,"temp_id":564,"option":[[50,1]]},{"quantity":1,"create_time":1738634736375,"temp_id":28,"option":[[49,99999999]]},{"quantity":83,"create_time":1738329592702,"temp_id":565,"option":[[50,1]]},{"quantity":1,"create_time":1738595139896,"temp_id":28,"option":[[7,15],[132,0],[144,100]]},{"quantity":76,"create_time":1738329382340,"temp_id":557,"option":[[50,1]]},{"quantity":8,"create_time":1738635125891,"temp_id":19,"option":[[73,0]]},{"quantity":18,"create_time":1738635142549,"temp_id":20,"option":[[73,0]]},{"quantity":4,"create_time":1738635197765,"temp_id":665,"option":[[73,0]]},{"quantity":4,"create_time":1738635294520,"temp_id":663,"option":[[73,0]]},{"quantity":10,"create_time":1738635429562,"temp_id":666,"option":[[73,0]]},{"quantity":6,"create_time":1738635706606,"temp_id":664,"option":[[73,0]]},{"quantity":2,"create_time":1738636148036,"temp_id":667,"option":[[73,0]]},{"quantity":1,"create_time":1738636465906,"temp_id":18,"option":[[73,0]]},{"quantity":1,"create_time":1738637024406,"temp_id":1911,"option":[[73,0]]},{"quantity":1,"create_time":1738656335636,"temp_id":570,"option":[[73,0]]},{"quantity":18,"create_time":1738657007212,"temp_id":17,"option":[[73,0]]},{"quantity":1,"create_time":1738657007497,"temp_id":559,"option":[[47,1356],[21,15],[30,0],[107,1]]},{"quantity":0,"create_time":0,"temp_id":-1,"option":[]},{"quantity":0,"create_time":0,"temp_id":-1,"option":[]}]', items_box_lucky_round = '[{"quantity":14000,"create_time":1738677501621,"temp_id":189,"option":[]},{"quantity":47000,"create_time":1738677501621,"temp_id":189,"option":[]},{"quantity":1,"create_time":1738677501621,"temp_id":18,"option":[]},{"quantity":1,"create_time":1738677501621,"temp_id":442,"option":[[96,5]]},{"quantity":1,"create_time":1738677501621,"temp_id":220,"option":[]},{"quantity":13000,"create_time":1738677501621,"temp_id":189,"option":[]},{"quantity":1,"create_time":1738677501621,"temp_id":222,"option":[]},{"quantity":1,"create_time":1738677501621,"temp_id":220,"option":[]},{"quantity":46000,"create_time":1738677501621,"temp_id":189,"option":[]},{"quantity":1,"create_time":1738677501621,"temp_id":221,"option":[]},{"quantity":14000,"create_time":1738677501621,"temp_id":189,"option":[]},{"quantity":1,"create_time":1738677501621,"temp_id":442,"option":[[96,5]]},{"quantity":1,"create_time":1738677501621,"temp_id":19,"option":[]},{"quantity":1,"create_time":1738677501621,"temp_id":19,"option":[]},{"quantity":1,"create_time":1738677501621,"temp_id":441,"option":[[95,5]]},{"quantity":1,"create_time":1738677501621,"temp_id":443,"option":[[97,5]]},{"quantity":40000,"create_time":1738677501621,"temp_id":189,"option":[]},{"quantity":43000,"create_time":1738677501621,"temp_id":189,"option":[]},{"quantity":13000,"create_time":1738677501621,"temp_id":189,"option":[]},{"quantity":1,"create_time":1738677501621,"temp_id":441,"option":[[95,5]]},{"quantity":30000,"create_time":1738677501621,"temp_id":189,"option":[]},{"quantity":1,"create_time":1738677501621,"temp_id":18,"option":[]},{"quantity":1,"create_time":1738677501621,"temp_id":222,"option":[]},{"quantity":1,"create_time":1738677501621,"temp_id":19,"option":[]},{"quantity":1,"create_time":1738677501621,"temp_id":19,"option":[]},{"quantity":1,"create_time":1738677501621,"temp_id":220,"option":[]},{"quantity":35000,"create_time":1738677501621,"temp_id":189,"option":[]},{"quantity":1,"create_time":1738677501621,"temp_id":441,"option":[[95,5]]},{"quantity":1,"create_time":1738677501621,"temp_id":2047,"option":[]},{"quantity":1,"create_time":1738677501621,"temp_id":18,"option":[]},{"quantity":1,"create_time":1738677501621,"temp_id":2051,"option":[]},{"quantity":9000,"create_time":1738677501621,"temp_id":189,"option":[]},{"quantity":32000,"create_time":1738677501621,"temp_id":189,"option":[]},{"quantity":1,"create_time":1738677501621,"temp_id":447,"option":[[101,5]]},{"quantity":1,"create_time":1738677501621,"temp_id":442,"option":[[96,5]]},{"quantity":37000,"create_time":1738677501621,"temp_id":189,"option":[]},{"quantity":36000,"create_time":1738677501621,"temp_id":189,"option":[]},{"quantity":1,"create_time":1738677501621,"temp_id":223,"option":[]},{"quantity":7000,"create_time":1738677501621,"temp_id":189,"option":[]},{"quantity":19000,"create_time":1738677501621,"temp_id":189,"option":[]},{"quantity":8000,"create_time":1738677501621,"temp_id":189,"option":[]},{"quantity":13000,"create_time":1738677501621,"temp_id":189,"option":[]},{"quantity":8000,"create_time":1738677501621,"temp_id":189,"option":[]},{"quantity":7000,"create_time":1738677501621,"temp_id":189,"option":[]},{"quantity":6000,"create_time":1738677501621,"temp_id":189,"option":[]},{"quantity":47000,"create_time":1738677501621,"temp_id":189,"option":[]},{"quantity":5000,"create_time":1738677501621,"temp_id":189,"option":[]},{"quantity":1,"create_time":1738677501621,"temp_id":443,"option":[[97,5]]},{"quantity":1,"create_time":1738677501621,"temp_id":223,"option":[]},{"quantity":1,"create_time":1738677501621,"temp_id":220,"option":[]},{"quantity":1,"create_time":1738677501621,"temp_id":224,"option":[]},{"quantity":43000,"create_time":1738677501621,"temp_id":189,"option":[]},{"quantity":13000,"create_time":1738677501621,"temp_id":189,"option":[]},{"quantity":42000,"create_time":1738677501621,"temp_id":189,"option":[]},{"quantity":44000,"create_time":1738677501621,"temp_id":189,"option":[]},{"quantity":14000,"create_time":1738677501621,"temp_id":189,"option":[]},{"quantity":1,"create_time":1738677501621,"temp_id":18,"option":[]},{"quantity":36000,"create_time":1738677501621,"temp_id":189,"option":[]},{"quantity":1,"create_time":1738677501621,"temp_id":2049,"option":[]},{"quantity":48000,"create_time":1738677501621,"temp_id":189,"option":[]},{"quantity":35000,"create_time":1738677501621,"temp_id":189,"option":[]},{"quantity":22000,"create_time":1738677501621,"temp_id":189,"option":[]},{"quantity":1,"create_time":1738677501621,"temp_id":20,"option":[]},{"quantity":1,"create_time":1738677501621,"temp_id":222,"option":[]},{"quantity":43000,"create_time":1738677501621,"temp_id":189,"option":[]},{"quantity":21000,"create_time":1738677501621,"temp_id":189,"option":[]},{"quantity":1,"create_time":1738677501621,"temp_id":1969,"option":[]},{"quantity":15000,"create_time":1738677501621,"temp_id":189,"option":[]},{"quantity":1,"create_time":1738677501621,"temp_id":441,"option":[[95,5]]},{"quantity":14000,"create_time":1738677501621,"temp_id":189,"option":[]},{"quantity":37000,"create_time":1738677501621,"temp_id":189,"option":[]},{"quantity":34000,"create_time":1738677501621,"temp_id":189,"option":[]},{"quantity":1,"create_time":1738677501621,"temp_id":20,"option":[]},{"quantity":31000,"create_time":1738677501621,"temp_id":189,"option":[]},{"quantity":1,"create_time":1738677501621,"temp_id":442,"option":[[96,5]]},{"quantity":1,"create_time":1738677501621,"temp_id":222,"option":[]},{"quantity":1,"create_time":1738677501621,"temp_id":18,"option":[]},{"quantity":1,"create_time":1738677501621,"temp_id":1969,"option":[]},{"quantity":1,"create_time":1738677501621,"temp_id":19,"option":[]},{"quantity":24000,"create_time":1738677501621,"temp_id":189,"option":[]},{"quantity":31000,"create_time":1738677501621,"temp_id":189,"option":[]},{"quantity":1,"create_time":1738677501621,"temp_id":19,"option":[]},{"quantity":1,"create_time":1738677501621,"temp_id":220,"option":[]},{"quantity":1,"create_time":1738677501621,"temp_id":446,"option":[[100,3]]},{"quantity":29000,"create_time":1738677501621,"temp_id":189,"option":[]},{"quantity":1,"create_time":1738677501621,"temp_id":222,"option":[]},{"quantity":28000,"create_time":1738677501621,"temp_id":189,"option":[]},{"quantity":1,"create_time":1738677501621,"temp_id":18,"option":[]},{"quantity":1,"create_time":1738677501621,"temp_id":2050,"option":[]},{"quantity":42000,"create_time":1738677501621,"temp_id":189,"option":[]},{"quantity":1,"create_time":1738677501621,"temp_id":20,"option":[]},{"quantity":35000,"create_time":1738677501621,"temp_id":189,"option":[]},{"quantity":9000,"create_time":1738677501621,"temp_id":189,"option":[]},{"quantity":1,"create_time":1738677501621,"temp_id":442,"option":[[96,5]]},{"quantity":1,"create_time":1738677501621,"temp_id":442,"option":[[96,5]]},{"quantity":30000,"create_time":1738677501621,"temp_id":189,"option":[]},{"quantity":15000,"create_time":1738677501621,"temp_id":189,"option":[]},{"quantity":0,"create_time":0,"temp_id":-1,"option":[]},{"quantity":0,"create_time":0,"temp_id":-1,"option":[]},{"quantity":0,"create_time":0,"temp_id":-1,"option":[]},{"quantity":0,"create_time":0,"temp_id":-1,"option":[]},{"quantity":0,"create_time":0,"temp_id":-1,"option":[]},{"quantity":0,"create_time":0,"temp_id":-1,"option":[]},{"quantity":0,"create_time":0,"temp_id":-1,"option":[]},{"quantity":0,"create_time":0,"temp_id":-1,"option":[]},{"quantity":0,"create_time":0,"temp_id":-1,"option":[]},{"quantity":0,"create_time":0,"temp_id":-1,"option":[]},{"quantity":0,"create_time":0,"temp_id":-1,"option":[]},{"quantity":0,"create_time":0,"temp_id":-1,"option":[]},{"quantity":0,"create_time":0,"temp_id":-1,"option":[]}]', friends = '[]', enemies = '[]', data_intrinsic = '[12,56,0,0]', data_item_time = '[0,0,0,0,0,0,0,0,0,0,0,0,0,0,0]', data_task = '[0,25,1]', data_mabu_egg = '{}', data_charm = '[1741227096892,1741227095755,1741227098488,0,0,1741227105747,1741227101156,0,0,0,0]', skills = '[[2,1738677592601,1,0],[3,0,0,0],[7,0,0,0],[11,1738634797938,1,0],[12,1738595362976,7,0],[17,1738677402802,1,0],[18,0,0,0],[19,0,0,0],[26,0,0,0]]', skills_shortcut = '[2,-1,-1,-1,-1,-1,-1,-1,-1,-1]', pet_info = '{"gender":1,"is_mabu":8,"level":7,"name":"$Fide Nhí","type_fusion":0,"left_fusion":1100658365,"status":0}', pet_power = 100001500000, pet_point = '{"mp":0,"max_stamina":1000,"mpg":13960,"critg":1,"limit_power":0,"stamina":1000,"hp":0,"damg":667,"power":100001500000,"defg":45,"hpg":9840,"tiem_nang":99970077301}', pet_body = '[{"quantity":0,"create_time":0,"temp_id":-1,"option":[]},{"quantity":0,"create_time":0,"temp_id":-1,"option":[]},{"quantity":0,"create_time":0,"temp_id":-1,"option":[]},{"quantity":0,"create_time":0,"temp_id":-1,"option":[]},{"quantity":0,"create_time":0,"temp_id":-1,"option":[]},{"quantity":0,"create_time":0,"temp_id":-1,"option":[]},{"quantity":0,"create_time":0,"temp_id":-1,"option":[]},{"quantity":0,"create_time":0,"temp_id":-1,"option":[]}]', pet_skill = '[[4,1],[1,1],[6,1],[12,1],[24,1]]', create_time = '2025-01-31 00:25:23', data_black_ball = '[[0,0],[0,0],[0,0],[0,0],[0,0],[0,0],[0,0]]', thoi_vang = 0, data_side_task = '[0,0,50,-1,0,0]', new_reg = 0, event_point = 0, `1sao` = 0, `2sao` = 0, `3sao` = 2, top = 0, collection_book = '[{"id":1,"amount":0,"level":0,"use":false},{"id":2,"amount":0,"level":0,"use":false},{"id":3,"amount":0,"level":0,"use":false},{"id":4,"amount":0,"level":0,"use":false},{"id":5,"amount":0,"level":0,"use":false},{"id":6,"amount":0,"level":0,"use":false},{"id":7,"amount":0,"level":0,"use":false},{"id":8,"amount":0,"level":0,"use":false},{"id":9,"amount":0,"level":0,"use":false},{"id":10,"amount":0,"level":0,"use":false},{"id":11,"amount":0,"level":0,"use":false},{"id":12,"amount":0,"level":0,"use":false},{"id":13,"amount":0,"level":0,"use":false},{"id":14,"amount":0,"level":0,"use":false},{"id":15,"amount":0,"level":0,"use":false},{"id":16,"amount":0,"level":0,"use":false},{"id":17,"amount":0,"level":0,"use":false},{"id":18,"amount":0,"level":0,"use":false}]', challenge = '[1,0,0]', firstTimeLogin = '2025-02-04 00:05:28', sk_tet = '[0,0,0,0,0]', buy_limit = '[0,0,0,0,0,0,0,0,0,0,0,0,0]', moc_nap = 0, achivements = '[{"receive":0,"count":0,"finish":0,"id":0},{"receive":0,"count":0,"finish":0,"id":1},{"receive":0,"count":0,"finish":0,"id":2},{"receive":0,"count":0,"finish":0,"id":3},{"receive":0,"count":11225,"finish":0,"id":4},{"receive":0,"count":165,"finish":0,"id":5},{"receive":0,"count":0,"finish":0,"id":6},{"receive":0,"count":29,"finish":0,"id":7},{"receive":0,"count":0,"finish":0,"id":8},{"receive":0,"count":0,"finish":0,"id":9},{"receive":0,"count":0,"finish":0,"id":10},{"receive":0,"count":0,"finish":0,"id":11},{"receive":0,"count":0,"finish":0,"id":12},{"receive":0,"count":0,"finish":0,"id":13},{"receive":0,"count":9,"finish":0,"id":14},{"receive":0,"count":0,"finish":0,"id":15}]', reward_limit = '[0,0,0,0,0,0,0,0,0,0]', item_new_time = '[0,0,0,0,120925,0,0,0,0,0,0,0,0,0]', data_bill_egg = '{"create_time":1738634798630,"time_done":0}', data_egg_linhthu = '{}', time_may_do = '[0]', pointShiba = 0, diem_skien = 0, maintain = 0, zm = '[0,0]', lvpet = 7, data_tong_nap = '[0,0,0]', time_effect = '[0]' WHERE id = 13935;
SELECT * FROM player p WHERE p.id = 13935;

SELECT * FROM map_template mt WHERE mt.NAME like '%hành tinh bill%';


SELECT * FROM item_template it WHERE it.id = 638;
SELECT * FROM item_template it WHERE it.TYPE = 27;
select * FROM account a WHERE a.username like '%tester1%';
SELECT p.data_task, p.* FROM player p where p.account_id = 18128;
SELECT * FROM task_sub_template tmt WHERE tmt.NAME LIKE '%sức đánh%';
SELECT * FROM mob_reward_map mrm WHERE mrm.map_id IN (161, 162, 163);
SELECT * FROM mob_reward mr WHERE mr.item_id = 1229;
select * FROM item_option_template iot WHERE iot.id IN (129, 141, 30, 139, 136, 137, 138, 141, 249);
SELECT * FROM item_option_template iot WHERE iot.NAME like '%$(5%';
select * FROM item_template it WHERE it.NAME like '%ngọc rồng%';
SELECT * FROM item_template it where ID >= 14 AND ID <= 20;
SELECT * FROM item_template it ORDER BY it.id DESC;
select * from map_template mt where mt.NAME like '%hang động%';
SELECT * FROM item_option_template iot ORDER BY iot.id DESC;
SELECT * FROM player p WHERE name like '%lì em%';
SELECT * FROM account a where a.id = 2615;
select * FROM account a WHERE a.is_admin = 1 ORDER BY a.id asc;
-- UPDATE player SET items_bag = '[{"quantity":1,"create_time":1726484559186,"temp_id":194,"option":[[73,1]]},{"quantity":1202,"create_time":1726523809478,"temp_id":1150,"option":[[73,0]]},{"quantity":1346,"create_time":1727352558020,"temp_id":1152,"option":[[73,0]]},{"quantity":1453,"create_time":1726541657128,"temp_id":1153,"option":[[73,0]]},{"quantity":1,"create_time":1727068078991,"temp_id":241,"option":[[47,450],[50,24],[102,8],[30,0],[107,8]]},{"quantity":1,"create_time":1727068081303,"temp_id":253,"option":[[6,24000],[27,3600],[50,24],[102,8],[30,0],[107,8]]},{"quantity":1,"create_time":1729102192288,"temp_id":1056,"option":[[0,36972],[72,8],[50,36],[102,9],[30,0],[107,9]]},{"quantity":1,"create_time":1727068086412,"temp_id":277,"option":[[7,23000],[28,2800],[50,24],[102,8],[30,0],[107,8]]},{"quantity":1,"create_time":1727068088635,"temp_id":281,"option":[[14,12],[50,24],[102,8],[30,0],[107,8]]},{"quantity":16949,"create_time":1729558532728,"temp_id":674,"option":[[73,0]]},{"quantity":75,"create_time":1730920744854,"temp_id":595,"option":[[2,256]]},{"quantity":1,"create_time":1730942044044,"temp_id":2136,"option":[[244,5],[101,1000],[50,22],[77,34],[103,21],[30,0]]},{"quantity":0,"create_time":1729248088109,"temp_id":567,"option":[[23,50],[249,0],[135,0],[138,190],[108,14],[102,7],[163,15],[30,0],[107,7]]},{"quantity":0,"create_time":1729249061126,"temp_id":559,"option":[[47,250],[249,0],[135,0],[138,170],[108,14],[102,7],[163,15],[30,0],[107,7]]},{"quantity":1,"create_time":1729249122538,"temp_id":560,"option":[[22,50],[249,0],[135,0],[138,180],[108,14],[102,7],[30,0],[107,7]]},{"quantity":1,"create_time":1729248483372,"temp_id":566,"option":[[0,5000],[249,0],[135,0],[138,180],[108,14],[102,7],[30,0],[107,7]]},{"quantity":1,"create_time":1729247951168,"temp_id":561,"option":[[14,12],[249,0],[135,0],[138,190],[108,14],[102,7],[30,0],[107,7]]},{"quantity":1,"create_time":1728603247683,"temp_id":567,"option":[[23,50],[249,0],[133,0],[136,0],[102,7],[102,0],[102,7],[50,28],[30,0],[107,7]]},{"quantity":1,"create_time":1728617578155,"temp_id":559,"option":[[47,250],[249,0],[133,0],[136,0],[102,7],[102,0],[102,7],[50,28],[30,0],[107,7]]},{"quantity":1,"create_time":1728874907807,"temp_id":560,"option":[[22,50],[249,0],[133,0],[136,0],[102,7],[102,0],[102,8],[50,32],[30,0],[107,8]]},{"quantity":1,"create_time":1728607518517,"temp_id":566,"option":[[0,10716],[249,0],[133,0],[136,0],[72,8],[50,32],[102,8],[30,0],[107,8]]},{"quantity":1,"create_time":1728879593620,"temp_id":567,"option":[[23,50],[249,0],[133,0],[136,0],[95,35],[102,7],[30,0],[107,7]]},{"quantity":1,"create_time":1728812501457,"temp_id":561,"option":[[14,19],[249,0],[133,0],[136,0],[50,21],[102,7],[72,7],[30,0],[107,7]]},{"quantity":1,"create_time":1732073435434,"temp_id":2185,"option":[[50,20],[77,20],[103,20]]},{"quantity":1,"create_time":1732201559773,"temp_id":2193,"option":[[50,110],[77,190],[103,110],[200,10],[102,10],[107,11]]},{"quantity":1,"create_time":1732698153249,"temp_id":2173,"option":[[77,50],[103,50],[50,50],[244,5]]},{"quantity":1,"create_time":1732626236448,"temp_id":2194,"option":[[5,110],[77,120],[103,120]]},{"quantity":1,"create_time":1729688551652,"temp_id":594,"option":[[47,400],[108,10]]},{"quantity":1,"create_time":1730946876629,"temp_id":2097,"option":[[77,50],[103,50],[50,50]]},{"quantity":1,"create_time":1729868931241,"temp_id":2169,"option":[[50,24],[9,0],[102,8],[30,0],[107,8]]},{"quantity":2090,"create_time":1733785485512,"temp_id":2180,"option":[[73,0]]},{"quantity":1,"create_time":1727238632408,"temp_id":921,"option":[[72,2],[50,23]]},{"quantity":1,"create_time":1729102192302,"temp_id":2017,"option":[[50,50],[77,50],[103,50],[116,0],[30,0]]},{"quantity":1,"create_time":1734100521263,"temp_id":2197,"option":[[50,46],[77,60],[103,58]]},{"quantity":1860,"create_time":1734100522467,"temp_id":2182,"option":[[73,0]]},{"quantity":2200,"create_time":1734233611764,"temp_id":2181,"option":[[73,0]]},{"quantity":2,"create_time":1730860741547,"temp_id":2131,"option":[[77,40],[245,10]]},{"quantity":1,"create_time":1734008490127,"temp_id":576,"option":[[50,31],[77,31],[103,31],[25,0]]},{"quantity":92,"create_time":1733738660056,"temp_id":1944,"option":[[73,0]]},{"quantity":106,"create_time":1733074615347,"temp_id":2013,"option":[[73,0]]},{"quantity":1,"create_time":1734402726150,"temp_id":2205,"option":[[30,0]]},{"quantity":21,"create_time":1735007817965,"temp_id":17,"option":[[73,0]]},{"quantity":5,"create_time":1735008739455,"temp_id":15,"option":[[73,0]]},{"quantity":4,"create_time":1735023606485,"temp_id":16,"option":[[73,0]]},{"quantity":1,"create_time":1735346660545,"temp_id":1934,"option":[[50,64],[77,65],[103,56]]},{"quantity":32,"create_time":1735346679325,"temp_id":2118,"option":[[77,8]]},{"quantity":1,"create_time":1730917860408,"temp_id":2128,"option":[[5,10],[50,25],[77,55],[103,55]]},{"quantity":1,"create_time":1735346736835,"temp_id":1934,"option":[[50,60],[77,57],[103,60]]},{"quantity":1,"create_time":1735346738854,"temp_id":1934,"option":[[50,61],[77,58],[103,60]]},{"quantity":1,"create_time":1735346816665,"temp_id":1934,"option":[[50,60],[77,61],[103,61]]},{"quantity":3035,"create_time":1735353700725,"temp_id":1192,"option":[[73,0]]},{"quantity":1,"create_time":1735346632865,"temp_id":1936,"option":[[50,59],[77,57],[103,54],[243,15]]},{"quantity":1,"create_time":1735346698535,"temp_id":1934,"option":[[50,57],[77,65],[103,62]]},{"quantity":3,"create_time":1735394314839,"temp_id":2177,"option":[[161,0],[30,0]]},{"quantity":30,"create_time":1735400957010,"temp_id":2179,"option":[[73,0]]},{"quantity":14,"create_time":1735479300042,"temp_id":2187,"option":[[73,0]]},{"quantity":11,"create_time":1735479300554,"temp_id":2188,"option":[[73,0]]},{"quantity":1,"create_time":1735565258337,"temp_id":454,"option":[[73,0]]},{"quantity":87,"create_time":1735617018565,"temp_id":1945,"option":[[73,0]]},{"quantity":11,"create_time":1735725617397,"temp_id":2120,"option":[[50,4]]},{"quantity":24,"create_time":1735725980760,"temp_id":2119,"option":[[103,8]]},{"quantity":1,"create_time":1735817916035,"temp_id":1934,"option":[[50,55],[77,62],[103,55]]},{"quantity":1,"create_time":1737684968606,"temp_id":1961,"option":[[73,0]]},{"quantity":1,"create_time":1737685023452,"temp_id":1969,"option":[[73,0]]},{"quantity":9985999,"create_time":1737685918409,"temp_id":1288,"option":[[73,0]]},{"quantity":4,"create_time":1737707064660,"temp_id":555,"option":[[47,833],[86,0],[21,17]]},{"quantity":1,"create_time":1737707098929,"temp_id":555,"option":[[73,0]]},{"quantity":1,"create_time":1737707653987,"temp_id":564,"option":[[0,5382],[86,0],[21,17]]},{"quantity":1,"create_time":1737795002887,"temp_id":170,"option":[[73,0]]},{"quantity":1,"create_time":1737795007318,"temp_id":170,"option":[[73,0],[255,0],[137,0]]},{"quantity":0,"create_time":0,"temp_id":-1,"option":[]},{"quantity":0,"create_time":0,"temp_id":-1,"option":[]},{"quantity":0,"create_time":0,"temp_id":-1,"option":[]},{"quantity":0,"create_time":0,"temp_id":-1,"option":[]},{"quantity":0,"create_time":0,"temp_id":-1,"option":[]},{"quantity":0,"create_time":0,"temp_id":-1,"option":[]},{"quantity":0,"create_time":0,"temp_id":-1,"option":[]},{"quantity":0,"create_time":0,"temp_id":-1,"option":[]},{"quantity":0,"create_time":0,"temp_id":-1,"option":[]},{"quantity":0,"create_time":0,"temp_id":-1,"option":[]}]' WHERE ID = 25;
select * FROM item_template it where NAME LIKE '%cải trang bunma%';
SELECT * FROM  item_option_template iot WHERE iot.NAME LIKE '%x2 thời gian%';
SELECT * FROM item_shop_option iso WHERE iso.item_shop_id = 9853;
SELECT * FROM item_shop_option iso WHERE iso.item_shop_id = 9854;
SELECT * FROM item_shop_option iso WHERE iso.item_shop_id = 9855;
SELECT * from item_option_template iot WHERE id IN (50, 30, 252);
SELECT * from item_template it WHERE ID >= 555 AND ID <= 567;
SELECT * FROM item_template it WHERE id in (555, 556, 562, 563, 561);
SELECT * FROM item_template it WHERE id in (557, 558, 564, 565, 561);
SELECT * FROM item_template it WHERE id in (559, 560, 566, 567, 561);

SELECT * FROM item_option_template iot WHERE iot.id IN (95, 96, 97, 100, 101, 73, 98, 99, 50);
SELECT * FROM item_shop `is` WHERE `is`.tab_id = 31 AND `is`.temp_id = 742;
SELECT * FROM item_template it WHERE it.NAME like '%ngọc rồng%';
SELECT * FROM item_template it WHERE it.NAME like '%vip%';
SELECT * FROM map_template mt WHERE mt.NAME like '%Potaufeu%';
SELECT * FROM open_box ob WHERE ob.box_id = 2149;
SELECT * FROM item_template it WHERE id = 1919;
SELECT * FROM item_option_template iot WHERE iot.NAME like '%đẻ trứng%';
SELECT * FROM item_template iot WHERE id >= 1150 AND id <= 1153;
SELECT * FROM player p WHERE name like '%daxanhle%';
SELECT * FROM account a WHERE a.id = 4652;
select * from account a WHERE a.username = 'nm';
SELECT * from player p where p.name like '%zengaming%';
SELECT * FROM npc_template nt WHERE nt.NAME like '%thượng đế%';
select * from map_template mt WHERE mt.NAME like '%đại hội%';
select * FROM npc_template nt where nt.NAME LIKE '%cây nêu%';
SELECT mt.npcs, mt.* FROM map_template mt WHERE mt.npcs like '%[84,%';
SELECT * FROM tab_shop ts where ts.NAME like '%noel%';
SELECT * FROM map_template mt WHERE mt.id = 114;
SELECT * FROM tab_shop ts ORDER BY ts.id DESC;

SELECT * FROM npc_template nt WHERE name LIKE '%santa%';
SELECT * FROM shop s WHERE s.npc_id = 39;
SELECT * FROM tab_shop ts WHERE ts.shop_id = 20;
SELECT * FROM item_shop `is` WHERE `is`.tab_id = 35;
SELECT * FROM part p WHERE p.id = 1369;
SELECT * FROM head_avatar ha WHERE ha.head_id = 1369;
SELECT * FROM mob_reward mr WHERE (mr.item_id >= 441 AND mr.item_id <= 447) OR mr.item_id = 964 OR mr.item_id = 965;
select * FROM open_box ob WHERE ob.template_id_from >= 441 AND ob.template_id_to <= 447;
select * FROM open_box ob WHERE ob.template_id_from >= 964 AND ob.template_id_to <= 965;

select * FROM item_template it WHERE id IN (0, 6, 21, 27, 12);
select * FROM item_template it WHERE id IN (1150, 1151, 1152, 1153);
SELECT * FROM task_main_template tmt;

SELECT * FROM shop s WHERE s.npc_id = 39;
SELECT * FROM tab_shop ts WHERE ts.shop_id = 9;
SELECT * FROM item_shop `is` WHERE `is`.tab_id = 17;
SELECT * FROM item_shop_option iso WHERE iso.item_shop_id = 455;
SELECT * FROM item_template it WHERE it.NAME LIKE '%hộp set kích hoạt%';

SELECT * FROM item_template it WHERE it.id >= 555 AND ID <= 567 AND it.gender = 2;
SELECT * FROM item_template it WHERE it.id >= 555 AND ID <= 567;
SELECT * FROM item_option_template iot WHERE iot.id = 14;


-- ====== SKH trái đất
-- kame
SELECT * FROM item_option_template iot WHERE iot.id IN (129, 141);
-- tenshinhan
SELECT * FROM item_option_template iot WHERE iot.id IN (127, 139);
-- krillin
SELECT * FROM item_option_template iot WHERE iot.id IN (128, 140);

-- =====SKH xayda
-- nappa
SELECT * FROM item_option_template iot WHERE iot.id IN (135, 138);
-- cadic
SELECT * FROM item_option_template iot WHERE iot.id IN (134, 137);
-- kakarot
SELECT * FROM item_option_template iot WHERE iot.id IN (133, 136);

-- =====SKH namec
-- picolo
SELECT * FROM item_option_template iot WHERE iot.id IN (130, 142);
-- Dende
SELECT * FROM item_option_template iot WHERE iot.id IN (131, 143);
-- Daimao
SELECT * FROM item_option_template iot WHERE iot.id IN (132, 255);

